screen_name,tweet_type,date,tweetid,rt_hashtag,hashtag,userid
RcgTruths,quoted_tweet,Sat Aug 01 04:01:41 +0000 2020,1289410949137522688,"",qanons qarmy,50940012
DocSce,quoted_tweet,Sat Aug 01 04:02:05 +0000 2020,1289411050102636544,"",wwg1wga qanon,1219490483296059392
DearDia47481411,retweeted_tweet_without_comment,Sat Aug 01 04:02:31 +0000 2020,1289411160505061376,lolitaexpress epsteinisland qanon qarmy,lolitaexpress epsteinisland qanon qarmy,1025465171014115328
mikewoolsey,reply,Sat Aug 01 04:03:47 +0000 2020,1289411478429159424,"",qanons qanonworldwide qanon2020 qanonjesusislord jesuschrist jesusislord wwg1wgaworldwide wwg1wgaww,36569183
letsfinishthis7,retweeted_tweet_without_comment,Sat Aug 01 04:05:31 +0000 2020,1289411914313932800,maga kag qanon,maga kag qanon,1242949971424337920
RcgTruths,quoted_tweet,Sat Aug 01 04:06:02 +0000 2020,1289412047625584640,"",qanons qanon qarmy,50940012
MouthyOldBat,quoted_tweet,Sat Aug 01 04:07:43 +0000 2020,1289412468725264384,"",qanons thelostelection thestorm,897589543783849984
Sanderstwits,reply,Sat Aug 01 04:08:21 +0000 2020,1289412628712837120,"",trump republicans qanon wwg1wwga gop,107924813
paullan72046079,reply,Sat Aug 01 04:11:24 +0000 2020,1289413395460964352,"",qanonworldwide,1284309184499122176
Sanderstwits,reply,Sat Aug 01 04:11:24 +0000 2020,1289413397394538496,"",maga kkk kkk gop republican qanon wwg1wwga,107924813
Gr8ful4America,quoted_tweet,Sat Aug 01 04:15:07 +0000 2020,1289414332359438336,"",osha fauci qanons wearethenewsnow thegreatawakening,160763898
USPatriot1979,retweeted_tweet_without_comment,Sat Aug 01 04:16:32 +0000 2020,1289414688925597696,wwg1wga maga kag qanon,wwg1wga maga kag qanon,1266984132439130112
angry_here,reply,Sat Aug 01 04:16:34 +0000 2020,1289414697846886400,"",hackqanon,1155892274556882944
Sanderstwits,reply,Sat Aug 01 04:16:44 +0000 2020,1289414737726287872,"",maga trump foxnews fakenews fakenews usa trump2020 americans gop qanon wwg1wwga,107924813
qisrea,reply,Sat Aug 01 04:19:51 +0000 2020,1.289415524259e+18,"",savethechildren trump2020landslidevictory qanons andrenochrome biden2020 bidenharris2020 biden,335331563
qisrea,reply,Sat Aug 01 04:20:00 +0000 2020,1289415560388730880,"",savethechildren trump2020landslidevictory qanons andrenochrome biden2020 bidenharris2020 biden,335331563
qisrea,reply,Sat Aug 01 04:20:13 +0000 2020,1289415616194129920,"",savethechildren trump2020landslidevictory qanons andrenochrome biden2020 bidenharris2020 biden,335331563
qisrea,reply,Sat Aug 01 04:20:22 +0000 2020,1289415650872422400,"",savethechildren trump2020landslidevictory qanons andrenochrome biden2020 bidenharris2020 biden,335331563
qisrea,reply,Sat Aug 01 04:20:28 +0000 2020,1289415676046774272,"",savethechildren trump2020landslidevictory qanons andrenochrome biden2020 bidenharris2020 biden,335331563
qisrea,reply,Sat Aug 01 04:20:37 +0000 2020,1289415714055520256,"",savethechildren trump2020landslidevictory qanons andrenochrome biden2020 bidenharris2020 biden,335331563
qisrea,reply,Sat Aug 01 04:20:56 +0000 2020,1289415796985405440,"",savethechildren trump2020landslidevictory qanons andrenochrome biden2020 bidenharris2020 biden,335331563
qisrea,reply,Sat Aug 01 04:21:02 +0000 2020,1289415822251892736,"",savethechildren trump2020landslidevictory qanons andrenochrome biden2020 bidenharris2020 biden,335331563
qisrea,reply,Sat Aug 01 04:21:14 +0000 2020,1289415870385516544,"",savethechildren trump2020landslidevictory qanons andrenochrome biden2020 bidenharris2020 biden,335331563
qisrea,reply,Sat Aug 01 04:21:21 +0000 2020,1289415901360435200,"",savethechildren trump2020landslidevictory qanons andrenochrome biden2020 bidenharris2020 biden,335331563
qisrea,reply,Sat Aug 01 04:21:27 +0000 2020,1289415925783908352,"",savethechildren trump2020landslidevictory qanons andrenochrome biden2020 bidenharris2020 biden,335331563
qisrea,reply,Sat Aug 01 04:21:33 +0000 2020,1.289415952057e+18,"",savethechildren trump2020landslidevictory qanons andrenochrome biden2020 bidenharris2020 biden,335331563
qisrea,reply,Sat Aug 01 04:21:39 +0000 2020,1289415974014263296,"",savethechildren trump2020landslidevictory qanons andrenochrome biden2020 bidenharris2020 biden,335331563
qisrea,reply,Sat Aug 01 04:21:52 +0000 2020,1289416030427713536,"",savethechildren trump2020landslidevictory qanons andrenochrome biden2020 bidenharris2020 biden,335331563
qisrea,reply,Sat Aug 01 04:21:57 +0000 2020,1289416051239739392,"",savethechildren trump2020landslidevictory qanons andrenochrome biden2020 bidenharris2020 biden,335331563
qisrea,reply,Sat Aug 01 04:22:07 +0000 2020,1289416092968980480,"",savethechildren trump2020landslidevictory qanons andrenochrome biden2020 bidenharris2020 biden,335331563
qisrea,reply,Sat Aug 01 04:22:25 +0000 2020,1289416168395214848,"",savethechildren trump2020landslidevictory qanons andrenochrome biden2020 bidenharris2020 biden,335331563
qisrea,reply,Sat Aug 01 04:22:35 +0000 2020,1289416210371637248,"",savethechildren trump2020landslidevictory qanons andrenochrome biden2020 bidenharris2020 biden,335331563
qisrea,reply,Sat Aug 01 04:22:40 +0000 2020,1289416230328324096,"",savethechildren trump2020landslidevictory qanons andrenochrome biden2020 bidenharris2020 biden,335331563
fillasaufical,quoted_tweet,Sat Aug 01 04:22:41 +0000 2020,1289416235948498944,"",qanon kag wwg1wga thegreatawakening maga trump trump2020 covid covid19 epstein epsteindidntkillhimself panicindc q georgefloyd quarantine protest blm blacklivesmatter antifa pizzagate wayfair,1106062550553292800
peterordinary,original,Sat Aug 01 04:23:11 +0000 2020,1289416359860830208,"",hydroxychloroquine qanon q wwg1wga lookintoit,160385231
ValeriotiJoanna,quoted_tweet,Sat Aug 01 04:23:36 +0000 2020,1289416464546422784,"",wwg1wga qanon,1252699466806763520
cures0710,quoted_tweet,Sat Aug 01 04:24:00 +0000 2020,1289416566048579584,"",targetedindividuals テクノロジー犯罪 集団ストーカー thegreatawakeing justicelscoming darktolight wwg1wga q qanon,1066273432675860480
JesseBurson,quoted_tweet,Sat Aug 01 04:25:10 +0000 2020,1289416860677468160,"",wwg1gwa digitalwarriors qanons savethechildren,574593601
qisrea,quoted_tweet,Sat Aug 01 04:25:36 +0000 2020,1289416969595150336,"",qanons,335331563
angry_here,reply,Sat Aug 01 04:25:46 +0000 2020,1289417010925858816,"",hackqanon,1155892274556882944
muthuren3569,quoted_tweet,Sat Aug 01 04:26:01 +0000 2020,1289417075379691520,"",targetedindividuals テクノロジー犯罪 集団ストーカー thegreatawakeing justicelscoming darktolight wwg1wga q qanon,1164185837124218880
angry_here,reply,Sat Aug 01 04:26:31 +0000 2020,1289417201678598144,"",hackqanon,1155892274556882944
DonEscaton,reply,Sat Aug 01 04:26:47 +0000 2020,1289417269420802048,"",qanon,249711100
angry_here,reply,Sat Aug 01 04:27:19 +0000 2020,1289417403370074112,"",hackqanon,1155892274556882944
X14Eagle,quoted_tweet,Sat Aug 01 04:27:20 +0000 2020,1289417404435447808,"",wwg1gwa digitalwarriors qanons savethechildren,4860357914
Parents_IN_USA,retweeted_tweet_without_comment,Sat Aug 01 04:27:45 +0000 2020,1289417510811443200,votered2020removeeverydemocrat voteredtosaveamerica2020 wwgiwga kag qanon2020 trump2020,votered2020removeeverydemocrat voteredtosaveamerica2020 wwgiwga kag qanon2020,1187604096817287168
angry_here,reply,Sat Aug 01 04:28:30 +0000 2020,1289417701551534080,"",hackqanon,1155892274556882944
mac_patriot,quoted_tweet,Sat Aug 01 04:28:31 +0000 2020,1289417705246740480,"",qanons,1281035000851296256
angry_here,reply,Sat Aug 01 04:29:13 +0000 2020,1289417881432674304,"",hackqanon,1155892274556882944
angry_here,reply,Sat Aug 01 04:31:31 +0000 2020,1289418456979214336,"",hackqanon,1155892274556882944
67dfm,reply,Sat Aug 01 04:31:58 +0000 2020,1289418573652221952,"",theswamp qanons qarmy,1129784586
qisrea,reply,Sat Aug 01 04:32:00 +0000 2020,1289418581667483648,"",savethechildren trump2020landslidevictory qanons andrenochrome biden2020 bidenharris2020 biden,335331563
OpBJAB,original,Sat Aug 01 04:32:32 +0000 2020,1289418716082364416,"",qanons qanonsworldwide,1150264472419872768
MaRaeBates,retweeted_tweet_without_comment,Sat Aug 01 04:32:37 +0000 2020,1289418733841080320,jesus bible scripture kag2020 wwg1wga qanon,jesus bible scripture kag2020 wwg1wga qanon,874856072
MaRaeBates,retweeted_tweet_without_comment,Sat Aug 01 04:32:47 +0000 2020,1289418779152261120,jesus bible scripture kag2020 wwg1wga qanon,jesus bible scripture kag2020 wwg1wga qanon,874856072
qisrea,reply,Sat Aug 01 04:32:49 +0000 2020,1289418787557498880,"",savethechildren trump2020landslidevictory qanons andrenochrome biden2020 bidenharris2020 biden,335331563
qisrea,reply,Sat Aug 01 04:33:05 +0000 2020,1289418855178092544,"",savethechildren trump2020landslidevictory qanons andrenochrome biden2020 bidenharris2020 biden,335331563
qisrea,reply,Sat Aug 01 04:33:23 +0000 2020,1289418930474246144,"",savethechildren trump2020landslidevictory qanons andrenochrome biden2020 bidenharris2020 biden,335331563
KenburrowsKen,original,Sat Aug 01 04:34:17 +0000 2020,1289419155158913024,"",wethepeople soros blm blacklivesmatter defundthepolice domesticterrorism american demonrats china qanon,2818274423
Sanderstwits,reply,Sat Aug 01 04:34:59 +0000 2020,1289419330149666816,"",trump2020 trump gop qanon wwg1wwga foxnews,107924813
angry_here,reply,Sat Aug 01 04:35:48 +0000 2020,1289419538363068416,"",hackqanon,1155892274556882944
Basta68290765,retweeted_tweet_without_comment,Sat Aug 01 04:36:00 +0000 2020,1289419585519628288,qanon qanonworldwide qanon2020 wwg1wwga parler,qanon qanonworldwide qanon2020 wwg1wwga parler,1251480981929963520
DanaEiranon,reply,Sat Aug 01 04:40:40 +0000 2020,1289420759551672320,"",qanon wwg1wga,1259225768267321344
SonCharlemagne,retweeted_tweet_without_comment,Sat Aug 01 04:41:18 +0000 2020,1289420922558877696,fookmasks quan qanon wwg1wga wwgowga,fookmasks quan qanon wwg1wga wwgowga,1267345439172501504
X16Son,quoted_tweet,Sat Aug 01 04:41:47 +0000 2020,1289421043535212544,"",somuchdoh qanon chyna,1179658082567249920
ImDeplorable16,quoted_tweet,Sat Aug 01 04:42:07 +0000 2020,1289421126339145728,"",somuchdoh qanon chyna,386028702
SonCharlemagne,retweeted_tweet_without_comment,Sat Aug 01 04:42:33 +0000 2020,1289421234560614400,qanon quan wwg1wga wwgowga,qanon quan,1267345439172501504
ForcedAdoption1,reply,Sat Aug 01 04:42:36 +0000 2020,1289421247315447808,"",wwg1wgaworldwide qanonworldwide maga kag2020 digitalsokdiers,2847872826
DanaEiranon,reply,Sat Aug 01 04:42:56 +0000 2020,1289421333802098688,"",qanon,1259225768267321344
KareninCarolin1,reply,Sat Aug 01 04:43:49 +0000 2020,1289421555039051776,"",godwins godblesspresidenttrump godblesstheusa maga trump2020 qanons qanon biden democratsfortrump democrats dnc portlandriots portland potus,892044709983641600
ProvingFuture,original,Sat Aug 01 04:44:21 +0000 2020,1289421689214779392,"",qanon humanbehaviour thegreatawakening,1196655068633632768
DavidaCamorani,original,Sat Aug 01 04:45:10 +0000 2020,1289421894056202240,"",qanon wwg1wgaworldwide,990276388144996352
LOSTMom815,quoted_tweet,Sat Aug 01 04:45:18 +0000 2020,1289421927598063616,"",osha fauci qanons wearethenewsnow thegreatawakening,19535935
CVivani,retweeted_tweet_without_comment,Sat Aug 01 04:45:51 +0000 2020,1.289422065163e+18,qanon wwg1wgaworldwide,qanon wwg1wgaworldwide,711151994
rightonQ17,quoted_tweet,Sat Aug 01 04:46:02 +0000 2020,1289422110952218624,"",qanon wwg1wga,579489710
antiamnesty,quoted_tweet,Sat Aug 01 04:50:00 +0000 2020,1289423111029325824,"",somuchdoh qanon chyna,1351283654
Sanderstwits,reply,Sat Aug 01 04:50:56 +0000 2020,1289423347202195456,"",wwgiwga wwg1wgaworldwide qanon,107924813
Sanderstwits,reply,Sat Aug 01 04:53:26 +0000 2020,1289423974208876544,"",usa wwgiwga qanon blm,107924813
tooranomaki6910,retweeted_tweet_without_comment,Sat Aug 01 04:53:41 +0000 2020,1289424036506636288,trump kag qanon qarmy wwg1wga gitmo deepstate nk ww3,trump kag qanon qarmy wwg1wga gitmo deepstate nk ww3,1008176372622110720
ForcedAdoption1,reply,Sat Aug 01 04:53:53 +0000 2020,1289424088503443456,"",wwg1wgaworldwide qanonworldwide saveourchildren childlivesmatter childtraffickingexposed pedogateisreal,2847872826
proadstudio,original,Sat Aug 01 04:54:25 +0000 2020,1289424221869764608,"",gop tiktok qanon youthvote parler china,28623510
TonarinoC,quoted_tweet,Sat Aug 01 04:55:15 +0000 2020,1289424430448271360,"",qanon,1252979184583892992
ProvingFuture,original,Sat Aug 01 04:55:36 +0000 2020,1289424519505928192,"",qanon humanbehaviour thegreatawakening,1196655068633632768
therealmobstar,retweeted_tweet_without_comment,Sat Aug 01 04:56:51 +0000 2020,1289424836339671040,qanons qanonsworldwide,qanons,25906859
Michelle4God,retweeted_tweet_without_comment,Sat Aug 01 04:57:18 +0000 2020,1289424949455794176,qanon wwg1wgaworldwide,qanon wwg1wgaworldwide,1270568889315930112
micropush,reply,Sat Aug 01 04:57:45 +0000 2020,1289425058914381824,"",qanons maga covidiots covid19,1080221077274451968
therealmobstar,retweeted_tweet_without_comment,Sat Aug 01 04:58:07 +0000 2020,1289425152640348160,qanons,qanons,25906859
Sanderstwits,reply,Sat Aug 01 04:58:13 +0000 2020,1289425177240117248,"",maga qanon wwgiwga trump,107924813
dmfact,quoted_tweet,Sat Aug 01 03:01:13 +0000 2020,1289395734681251840,"",qanon,242056447
Smokeymtnwoman1,quoted_tweet,Sat Aug 01 03:01:25 +0000 2020,1289395783783944192,"",trump2020landslidevictory themoreyouknow qanons donaldjtrump backtheblue,1207435100947963904
Johnkim05416420,retweeted_tweet_without_comment,Sat Aug 01 03:01:51 +0000 2020,1289395892286451712,draintheswamp qanon,draintheswamp qanon,1055668671580794880
Johnkim05416420,retweeted_tweet_without_comment,Sat Aug 01 03:01:57 +0000 2020,1.289395919088e+18,draintheswamp qanon,draintheswamp qanon,1055668671580794880
marcanoserrano,retweeted_tweet_without_comment,Sat Aug 01 03:03:03 +0000 2020,1289396195908091904,ww1wga qanons,ww1wga qanons,137715875
REUEL1111,reply,Sat Aug 01 03:03:04 +0000 2020,1289396198734888960,"",qanons,1256481792887930880
NoreenElliott19,reply,Sat Aug 01 03:03:13 +0000 2020,1289396236835938304,"",qanonlosers,1282187446101237760
REUEL1111,reply,Sat Aug 01 03:03:34 +0000 2020,1289396324429783040,"",qanons,1256481792887930880
REUEL1111,reply,Sat Aug 01 03:04:41 +0000 2020,1289396606194733056,"",qanons,1256481792887930880
DaveQuest17,reply,Sat Aug 01 03:05:27 +0000 2020,1289396801141760000,"",qanon wwg1wga,1258574840463794176
Omerta_15,original,Sat Aug 01 03:06:13 +0000 2020,1289396994197393408,"",q qanon wwg1wga pan peterpan,932399982296031232
pgh_futbol,reply,Sat Aug 01 03:06:53 +0000 2020,1289397158274150400,"",qanonbull,26996490
CovfefeSenor,quoted_tweet,Sat Aug 01 03:08:29 +0000 2020,1289397560965099520,"",trumpvirus trump trumpisanationaldisgrace maga qanon wwg1gwa,1255598524651180032
REUEL1111,original,Sat Aug 01 03:08:43 +0000 2020,1289397622835306496,"",q savethechildren qanonworldwide,1256481792887930880
TheLizCano,quoted_tweet,Sat Aug 01 03:09:57 +0000 2020,1289397930684633088,"",congress hawaii qanonworldwide espsteintrump,295932652
nicmccormic,reply,Sat Aug 01 03:10:25 +0000 2020,1289398049593102336,"",wwg1wga maga qarmy freedom digitalsoldiers godwins qanon inittogether,1021917633183186944
pgh_futbol,reply,Sat Aug 01 03:11:46 +0000 2020,1289398388711206912,"",qanonbull,26996490
chxdntz216,reply,Sat Aug 01 03:14:03 +0000 2020,1289398963016290304,"",epstein qanons,1268662901025406976
MoNSTeRPaRADiGM,retweeted_tweet_without_comment,Sat Aug 01 03:14:13 +0000 2020,1289399005353394176,epstein qanons,epstein qanons,1660720560
2Qanons,original,Sat Aug 01 03:15:41 +0000 2020,1289399373533609984,"",qanon maga thegreatawakening,1284951362191724544
hearthwench,quoted_tweet,Sat Aug 01 03:17:41 +0000 2020,1289399879928705024,"",wwg1wgaworldwide wwg1wga qanons,816364246384537600
army_e31JP,retweeted_tweet_without_comment,Sat Aug 01 03:17:49 +0000 2020,1289399910098378752,taketheoath q qanon qarmyjapanflynn wwg1wgaworldwide japan 宣誓動画,taketheoath q qanon qarmyjapanflynn wwg1wgaworldwide japan,1151006802781167616
Wwg1wgaTrump,retweeted_tweet_without_comment,Sat Aug 01 03:17:56 +0000 2020,1289399941081608192,wwg1wga thegreatawakening maga qanon,wwg1wga thegreatawakening maga qanon,3030415588
2Qanons,reply,Sat Aug 01 03:18:15 +0000 2020,1289400020568092672,"",qanon maga thegreatawakening,1284951362191724544
2Qanons,reply,Sat Aug 01 03:18:43 +0000 2020,1289400136909516800,"",qanon maga thegreatawakening,1284951362191724544
2Qanons,reply,Sat Aug 01 03:19:33 +0000 2020,1289400347883118592,"",qanon maga thegreatawakening,1284951362191724544
2Qanons,reply,Sat Aug 01 03:20:03 +0000 2020,1289400473921912832,"",qanon maga thegreatawakening,1284951362191724544
army_e31JP,retweeted_tweet_without_comment,Sat Aug 01 03:20:21 +0000 2020,1289400547410239488,taketheoath q qanon qarmyjapanflynn wwg1wga japan q4510,taketheoath q qanon qarmyjapanflynn wwg1wga,1151006802781167616
2Qanons,reply,Sat Aug 01 03:20:30 +0000 2020,1289400587541307392,"",qanon maga thegreatawakening,1284951362191724544
celtron777,reply,Sat Aug 01 03:21:38 +0000 2020,1289400872623988736,"",qanons,73858715
mamo88065949,retweeted_tweet_without_comment,Sat Aug 01 03:22:30 +0000 2020,1289401092103528448,taketheoath q qanon qarmyjapanflynn wwg1wgaworldwide japan 宣誓動画,taketheoath q qanon qarmyjapanflynn wwg1wgaworldwide japan,614442879
MoNSTeRPaRADiGM,retweeted_tweet_without_comment,Sat Aug 01 03:24:30 +0000 2020,1289401592052158464,qanons alandershowitz,qanons alandershowitz,1660720560
tj6feather,retweeted_tweet_without_comment,Sat Aug 01 03:25:02 +0000 2020,1289401726609448960,trump2020 qanon wwg1wga,trump2020 qanon wwg1wga,943183246916911104
DrGCOAnon,quoted_tweet,Sat Aug 01 03:26:09 +0000 2020,1289402010849157120,"",wwg1wg tg1tga qanon thegreatawakening keyboardwarriors coanon qarmyworldwide maga mwga,1164894169950806016
ansue67,reply,Sat Aug 01 03:26:47 +0000 2020,1289402169901248512,"",qanons,2650965868
greasolini,quoted_tweet,Sat Aug 01 03:28:14 +0000 2020,1289402534650552320,"",osha fauci qanons wearethenewsnow thegreatawakening,1275592328456146944
BentleyK,quoted_tweet,Sat Aug 01 03:28:44 +0000 2020,1289402659053568000,"",osha fauci qanons wearethenewsnow thegreatawakening,19098222
chattycathy317,retweeted_tweet_without_comment,Sat Aug 01 03:28:48 +0000 2020,1289402677588299776,q qanon wwg1wga pan peterpan,q qanon wwg1wga pan peterpan,2253787674
Shorty2Time,quoted_tweet,Sat Aug 01 03:29:26 +0000 2020,1289402836900601856,"",wwg1wga qanon,135921396
qinhollywood,original,Sat Aug 01 03:29:33 +0000 2020,1289402865216184320,"",epsteinfiles qanons,1285703569048432640
whitebunnyq,quoted_tweet,Sat Aug 01 03:30:18 +0000 2020,1289403051602669568,"",qanon,933140187286261760
DanAuito,quoted_tweet,Sat Aug 01 03:30:48 +0000 2020,1289403179977719808,"",qanon,15387636
TheFoundersUSA,original,Sat Aug 01 03:31:20 +0000 2020,1289403312085725184,"",wwg1wga maga kag qanon,1271623791014293504
2Qanons,reply,Sat Aug 01 03:31:23 +0000 2020,1289403325880836096,"",qanon,1284951362191724544
LattyDian,quoted_tweet,Sat Aug 01 03:31:52 +0000 2020,1289403447402303488,"",qanon,772487185031311360
hippiewagon1,retweeted_tweet_without_comment,Sat Aug 01 03:32:37 +0000 2020,1289403636724842496,epstein qanons,epstein qanons,1271082020119158784
2Qanons,reply,Sat Aug 01 03:32:38 +0000 2020,1289403638868135936,"",qanon,1284951362191724544
SpecAlt,reply,Sat Aug 01 03:32:41 +0000 2020,1289403651530743808,"",qanon,947743799085711360
mamo88065949,retweeted_tweet_without_comment,Sat Aug 01 03:33:23 +0000 2020,1289403828979130368,taketheoath q qanon qarmyjapanflynn wwg1wga japan q4510,taketheoath q qanon qarmyjapanflynn wwg1wga,614442879
MichPatriot_lks,quoted_tweet,Sat Aug 01 03:33:24 +0000 2020,1289403833991356416,"",maga2020 kag potus qanons qanon digitalsoldiers qarmy trump2020 trumplandslidevictory2020 trumplandslide2020 trumplandslide,795401809137463296
reon_ohi,retweeted_tweet_without_comment,Sat Aug 01 03:35:10 +0000 2020,1289404276721123328,wwg1wga qanon qarmyjapanflynn ヒラリーをみる眼差し,wwg1wga qanon,123811734
2Qanons,reply,Sat Aug 01 03:35:58 +0000 2020,1289404479515684864,"",qanon,1284951362191724544
2Qanons,reply,Sat Aug 01 03:36:31 +0000 2020,1289404617059524608,"",qanon,1284951362191724544
Self_Aware_1,reply,Sat Aug 01 03:37:05 +0000 2020,1289404759053668352,"",wwg1wga greatawakening trump2020 qanons maga savethechildren,1266934856346488832
natalie_k7,original,Sat Aug 01 03:37:22 +0000 2020,1289404831820472320,"",news lamestreammedia fakenews wearethenewsnow qanon qanons foxnews maga votetrump2020 democratstheenemywithin,1259538128777461760
Edelruth2,quoted_tweet,Sat Aug 01 03:38:57 +0000 2020,1289405228823875584,"",qanons thelostelection thestorm,1147240664368701440
DanaEiranon,reply,Sat Aug 01 03:39:11 +0000 2020,1289405287267332096,"",qanon wwg1wga,1259225768267321344
2Qanons,reply,Sat Aug 01 03:39:44 +0000 2020,1289405427864571904,"",qanon,1284951362191724544
Marybankergirl,reply,Sat Aug 01 03:40:43 +0000 2020,1289405674330324992,"",wwg1wga qanoncanada,3876285323
Woodsprite99,quoted_tweet,Sat Aug 01 03:41:54 +0000 2020,1289405972515942400,"",osha fauci qanons wearethenewsnow thegreatawakening,2642927008
BobOne977,original,Sat Aug 01 03:42:23 +0000 2020,1289406093244784640,"",qanon,1263356858372366336
2Qanons,reply,Sat Aug 01 03:42:41 +0000 2020,1289406168968777728,"",qanon,1284951362191724544
Americansonofl1,quoted_tweet,Sat Aug 01 03:43:48 +0000 2020,1289406450922590208,"",maga2020 kag potus qanons qanon digitalsoldiers qarmy trump2020 trumplandslidevictory2020 trumplandslide2020,1234703605409734656
2Qanons,reply,Sat Aug 01 03:45:22 +0000 2020,1289406846642487296,"",qanon,1284951362191724544
MogulMinds773,original,Sat Aug 01 03:45:38 +0000 2020,1289406913952641024,"",mmpn jointheconversation standup endhate wakeup q qanon wwg1wga potus chicago help maxwellfiles endthis darktolight exposethemall,911986343336607744
spark_radio_net,retweeted_tweet_without_comment,Sat Aug 01 03:46:40 +0000 2020,1289407173206794240,mmpn jointheconversation standup endhate wakeup q qanon wwg1wga potus chicago help maxwellfiles endthis darktolight exposethemall,mmpn jointheconversation standup endhate wakeup q qanon wwg1wga,1000924337082388480
tooranomaki6910,retweeted_tweet_without_comment,Sat Aug 01 03:46:56 +0000 2020,1289407240839892992,trump kag qanon qarmy wwg1wga gitmo deepstate nk ww3,trump kag qanon qarmy wwg1wga gitmo deepstate nk ww3,1008176372622110720
umpire_d,reply,Sat Aug 01 03:50:48 +0000 2020,1289408212278468608,"",qanon,1228758085893640192
breakgear001,retweeted_tweet_without_comment,Sat Aug 01 03:51:03 +0000 2020,1289408277046935552,taketheoath q qanon qarmyjapanflynn wwg1wga japan q4510,taketheoath q qanon qarmyjapanflynn wwg1wga,1029845032348479488
Marybankergirl,quoted_tweet,Sat Aug 01 03:51:09 +0000 2020,1289408298286907392,"",wwg1wga qanoncanada,3876285323
2Qanons,reply,Sat Aug 01 03:51:39 +0000 2020,1289408425948921856,"",qanon,1284951362191724544
umpire_d,reply,Sat Aug 01 03:52:09 +0000 2020,1289408553875193856,"",qanon,1228758085893640192
ClownMajority,original,Sat Aug 01 03:53:10 +0000 2020,1289408808096129024,"",billclinton epsteinisland qanons wwg1wga,1289269739483799552
Hitaqqti,quoted_tweet,Sat Aug 01 03:53:44 +0000 2020,1289408951239376896,"",taketheoath qanon qanonjapan q,96968240
JimmyFalk5,reply,Sat Aug 01 03:56:56 +0000 2020,1289409754431856640,"",qanon thegreatawakening,1046191658780561408
tooranomaki6910,retweeted_tweet_without_comment,Sat Aug 01 03:57:16 +0000 2020,1289409840763170816,trump kag qanon qarmy wwg1wga gitmo deepstate nk ww3,trump kag qanon qarmy wwg1wga gitmo deepstate nk ww3,1008176372622110720
Hitaqqti,retweeted_tweet_without_comment,Sat Aug 01 03:58:57 +0000 2020,1289410263104385024,qarmyjapanflynn qanon wwg1wga stormisuponus,qarmyjapanflynn qanon wwg1wga stormisuponus,96968240
the_dodman,reply,Sat Aug 01 03:59:44 +0000 2020,1289410461184581632,"",keepamericagreat maga2020 qanons,2459106619
OneLastRun54,retweeted_tweet_without_comment,Sat Aug 01 02:00:47 +0000 2020,1289380527078694912,votered2020removeeverydemocrat voteredtosaveamerica2020 wwgiwga kag qanon2020 trump2020,votered2020removeeverydemocrat voteredtosaveamerica2020 wwgiwga kag qanon2020,1608622200
BoomPanic,original,Sat Aug 01 02:02:05 +0000 2020,1289380853756260352,"",maga qanon qarmy qanonarmy saveamerica unitednotdivided wwg1wga exposeantifa,1196612824426012672
UTMBColorado,original,Sat Aug 01 02:03:06 +0000 2020,1289381108203712512,"",florida maga qanon kag2020 presidentsnowflake florida noonelikestrump,1243394941742538752
Quantum71700706,original,Sat Aug 01 02:03:36 +0000 2020,1289381236301942784,"",hydroxychloroquine dictatordan wwg1wga thegreatawakeningworldwide qanon aussieq hydrochloroquineisthecure,1243723277308026880
bilddawall,quoted_tweet,Sat Aug 01 02:05:17 +0000 2020,1289381656927715328,"",wwg1wga wwg1wgaworldwide qanon greatawakening,1280838693268393984
GuysCoast,reply,Sat Aug 01 02:06:32 +0000 2020,1289381972104470528,"",qanons,1273413072120578048
x8Jhd3rN6sxMGhh,quoted_tweet,Sat Aug 01 02:07:48 +0000 2020,1289382289953058816,"",savethechildren qanons qarmyjapanflynn wwg1wga,1082041968316665856
tB7knnmHcALVTpY,quoted_tweet,Sat Aug 01 02:08:36 +0000 2020,1289382491132813312,"",qanon,1244994021086224384
OtherMarySpeaks,quoted_tweet,Sat Aug 01 02:09:49 +0000 2020,1289382797547679744,"",wwg1wga wwg1wgaworldwide qanon greatawakening,114774809
GuysCoast,reply,Sat Aug 01 02:11:00 +0000 2020,1289383097054633984,"",qanons trumpsevilplan,1273413072120578048
MAGATeamCO,reply,Sat Aug 01 02:11:47 +0000 2020,1289383294706966528,"",qanonworldwide copolitics co03 maga2020landslide,1208088117724536832
Verbalmoto1,retweeted_tweet_without_comment,Sat Aug 01 02:11:50 +0000 2020,1289383306094456832,fookmasks quan qanon wwg1wga wwgowga,fookmasks quan qanon wwg1wga wwgowga,978036840904187904
FalliveneEdward,retweeted_tweet_without_comment,Sat Aug 01 02:13:28 +0000 2020,1289383718633852928,maga kag qanon,maga kag qanon,1141804326823825408
DaniellaluvsCC,reply,Sat Aug 01 02:14:49 +0000 2020,1289384059211116544,"",trumpconcentrationcamps qanons maga,125972615
nttcool3,reply,Sat Aug 01 02:15:11 +0000 2020,1289384148470099968,"",maga qanons,4867931962
hello_franklin,reply,Sat Aug 01 02:16:07 +0000 2020,1289384384215359488,"",qanonworldwide,874056907442475008
Snoogins18,quoted_tweet,Sat Aug 01 02:17:03 +0000 2020,1289384619700129792,"",wwg1wga qanon,1259268618057134080
MercuryEy,retweeted_tweet_without_comment,Sat Aug 01 02:18:34 +0000 2020,1289384998877818880,taketheoath qanon qarmyjapanflynn wwg1wga japan 宣誓動画 q4510,taketheoath qanon qarmyjapanflynn wwg1wga japan,2253373777
Just2spiffy,original,Sat Aug 01 02:20:17 +0000 2020,1289385434196238336,"",potus obamagate qanon walkaway wwg1wga trump2020,2288781522
Godskid234,retweeted_tweet_without_comment,Sat Aug 01 02:21:55 +0000 2020,1289385842402668544,votered2020removeeverydemocrat voteredtosaveamerica2020 wwgiwga kag qanon2020 trump2020,votered2020removeeverydemocrat voteredtosaveamerica2020 wwgiwga kag qanon2020,24573400
JulieHouseOfWow,quoted_tweet,Sat Aug 01 02:21:57 +0000 2020,1289385853656035328,"",osha fauci qanons wearethenewsnow thegreatawakening,841885784068222976
happynyan8888,quoted_tweet,Sat Aug 01 02:23:37 +0000 2020,1289386271974932480,"",taketheoath qanon qanonjapan q,2596555064
mommy794,original,Sat Aug 01 02:23:48 +0000 2020,1289386319001669632,"",pedowood pedofiles pedo wwgiwga qanon qanonworldwide digitalsoldiers pizzagate2020 maxwellfiles,82922716
EmSee36,quoted_tweet,Sat Aug 01 02:24:45 +0000 2020,1289386557346967552,"",osha fauci qanons wearethenewsnow thegreatawakening,1235212122918768640
TheFnDoQtor,quoted_tweet,Sat Aug 01 02:25:13 +0000 2020,1289386676339449856,"",qanons wwg1wga election2020,203323239
ABCU_8,quoted_tweet,Sat Aug 01 02:25:20 +0000 2020,1289386704701284352,"",q qanons,1267678703024091136
happynyan8888,retweeted_tweet_without_comment,Sat Aug 01 02:27:16 +0000 2020,1289387192305950720,taketheoath qanon qarmyjapanflynn wwg1wga japan 宣誓動画 q4510,taketheoath qanon qarmyjapanflynn wwg1wga japan,2596555064
ThinQingAnon,quoted_tweet,Sat Aug 01 02:27:24 +0000 2020,1289387223004016640,"",osha fauci qanons wearethenewsnow thegreatawakening,876216907166236672
cometsteele,quoted_tweet,Sat Aug 01 02:27:41 +0000 2020,1289387296622485504,"",osha fauci qanons wearethenewsnow thegreatawakening,866480480425844736
17LoveLiberty,quoted_tweet,Sat Aug 01 02:30:47 +0000 2020,1289388075387240448,"",osha fauci qanons wearethenewsnow thegreatawakening,1345295474
marimacint,retweeted_tweet_without_comment,Sat Aug 01 02:32:02 +0000 2020,1289388391835095040,qanon greatawekening qrs11,qanon greatawekening qrs11,93657255
meigetu10,retweeted_tweet_without_comment,Sat Aug 01 02:32:09 +0000 2020,1289388418791690240,qarmyjapanflynn qanon wwg1wga stormisuponus,qarmyjapanflynn qanon wwg1wga stormisuponus,969881331592134656
CoccoCollins,quoted_tweet,Sat Aug 01 02:34:13 +0000 2020,1289388939577561088,"",qanona q qarmy,743891599
Just2spiffy,original,Sat Aug 01 02:37:56 +0000 2020,1289389872801710080,"",potus obamagate qanon walkaway wwg1wga trump2020,2288781522
TotoMFrog,quoted_tweet,Sat Aug 01 02:39:43 +0000 2020,1289390323563520000,"",wwg1wga wwg1wgaworldwide qanon qanon qanons,808780011520008192
AimeethxQ,quoted_tweet,Sat Aug 01 02:41:01 +0000 2020,1289390648815042560,"",wwg1wga wwg1wgaworldwide qanon qanon qanons,807908325346000896
yatesmouse1,quoted_tweet,Sat Aug 01 02:45:34 +0000 2020,1289391794627567616,"",q qanons,2493572690
_bob_bonbar,quoted_tweet,Sat Aug 01 02:45:38 +0000 2020,1289391810586894336,"",targetedindividuals テクノロジー犯罪 集団ストーカー thegreatawakeing justicelscoming darktolight wwg1wga q qanon,266108200
Freedom04661038,quoted_tweet,Sat Aug 01 02:46:06 +0000 2020,1289391927956131840,"",worlddayagainsttraffickinginpersons savethechildren qanon anons wwg1gwa normantraversy,1244310477146120192
supradados,retweeted_tweet_without_comment,Sat Aug 01 02:46:11 +0000 2020,1289391952488812544,qanon qanonbr thegreatawakening wwg1wga knowthecure covidcure covid19,qanon qanonbr thegreatawakening wwg1wga knowthecure covidcure covid19,36402939
CupplesDaniel,quoted_tweet,Sat Aug 01 02:46:15 +0000 2020,1289391966648537088,"",wwg1wg tg1tga qanon thegreatawakening keyboardwarriors coanon qarmyworldwide maga mwga,2546023346
HawaiianCapper,reply,Sat Aug 01 02:46:52 +0000 2020,1289392123029028864,"",qanonworldwide wwg1wga,1212409654921195520
TheWantedEmcees,retweeted_tweet_without_comment,Sat Aug 01 02:49:03 +0000 2020,1289392674345226240,thegreatawakening qanon,thegreatawakening qanon,821644302
SarahHolm14,quoted_tweet,Sat Aug 01 02:49:31 +0000 2020,1289392788295966720,"",qanons savethechildren cabaltakedown makeamericagreatagain,1239516724682203136
THEQUEEN_ALICE,quoted_tweet,Sat Aug 01 02:51:01 +0000 2020,1289393168790691840,"",qanons savethechildren,1286854612377632768
surf4ever3255,quoted_tweet,Sat Aug 01 02:51:26 +0000 2020,1289393273488830464,"",savethechildren qanons qarmyjapanflynn wwg1wga,228541870
surf4ever3255,quoted_tweet,Sat Aug 01 02:51:34 +0000 2020,1289393306166681600,"",savethechildren qanons qarmyjapanflynn wwg1wga,228541870
J_anon123,quoted_tweet,Sat Aug 01 02:52:23 +0000 2020,1289393511830192128,"",osha fauci qanons wearethenewsnow thegreatawakening,1253894947339669504
downhillflyer,quoted_tweet,Sat Aug 01 02:54:16 +0000 2020,1289393983941156864,"",wwg1wga justice4all qanons,2548424118
1breathaway2u,retweeted_tweet_without_comment,Sat Aug 01 02:55:26 +0000 2020,1289394278964146176,jesus bible scripture kag2020 wwg1wga qanon,jesus bible scripture kag2020 wwg1wga qanon,371944522
1breathaway2u,retweeted_tweet_without_comment,Sat Aug 01 02:55:29 +0000 2020,1289394291559849984,jesus bible scripture kag2020 wwg1wga qanon,jesus bible scripture kag2020 wwg1wga qanon,371944522
USAPATRIOT4MAGA,quoted_tweet,Sat Aug 01 00:59:58 +0000 2020,1289365219643240448,"",qanon maga2020,1229389458711154688
hays_jeannette,original,Sat Aug 01 01:00:45 +0000 2020,1289365416339415040,"",deepstate pedoelite californication muthafuka evilmuthafukas qanon qarmy wwg1wga savethechildren,1091898300561870848
MynardPamela,quoted_tweet,Sat Aug 01 01:01:27 +0000 2020,1289365593808756736,"",wwg1wga qanon,1131815251643654144
JulieCh30970677,quoted_tweet,Sat Aug 01 01:01:40 +0000 2020,1289365647143493632,"",wwg1wgaworldwide wwg1wga qanons,1258045223311114240
QramaQbi,retweeted_tweet_without_comment,Sat Aug 01 01:04:08 +0000 2020,1289366269397893120,qarmyjapanflynn qanon wwg1wga stormisuponus,qarmyjapanflynn qanon wwg1wga stormisuponus,1268232138295373824
TheFlame1965,reply,Sat Aug 01 01:06:36 +0000 2020,1289366888741396480,"",qanon,583387982
LOZ41666248,retweeted_tweet_without_comment,Sat Aug 01 01:06:44 +0000 2020,1289366925584162816,maga kag qanon,maga kag qanon,883147630636916736
mandarin_jaded,quoted_tweet,Sat Aug 01 01:08:10 +0000 2020,1289367284373282816,"",qanon maga2020,1271565540679577600
Blee3333,quoted_tweet,Sat Aug 01 01:08:28 +0000 2020,1289367358788706304,"",qanon maga2020,1270865141324812288
MiniMyu1234,quoted_tweet,Sat Aug 01 01:09:31 +0000 2020,1289367622983618560,"",savethechildren qanons qarmyjapanflynn wwg1wga,1153189336684175360
Jake79235085,reply,Sat Aug 01 01:09:52 +0000 2020,1289367713140240384,"",patriot qanons wwg1wg҉a thegreatawakening,1164575869966389248
ginghaa,retweeted_tweet_without_comment,Sat Aug 01 01:10:54 +0000 2020,1289367972058820608,qanons one team julianassange,qanons,1.246466588687e+18
hotoke888,quoted_tweet,Sat Aug 01 01:13:37 +0000 2020,1289368657005391872,"",集団ストーカー撲滅 wwg1wgaworldwide qarmyjapanflynn qanon,897403190504693760
odeco5goddess,quoted_tweet,Sat Aug 01 01:15:10 +0000 2020,1289369045561565184,"",集団ストーカー撲滅 wwg1wgaworldwide qarmyjapanflynn qanon,1185860681335074816
BornFree411,original,Sat Aug 01 01:16:12 +0000 2020,1289369307118546944,"",maga kag coronavirus americafirst maga2020 trumppence2020 qanons,789246709813485568
BoomPanic,quoted_tweet,Sat Aug 01 01:16:38 +0000 2020,1289369415562039296,"",maga qanon qarmy qanonarmy saveamerica unitednotdivided wwg1wga exposeantifa,1196612824426012672
KingdomComing2,quoted_tweet,Sat Aug 01 01:17:33 +0000 2020,1289369646454329344,"",qanon,1269296876253151232
MAnon86012666,quoted_tweet,Sat Aug 01 01:18:03 +0000 2020,1289369772933541888,"",digitalsoldier wwgiwga qanon,1206586028552794112
nrice1livecom1,quoted_tweet,Sat Aug 01 01:18:36 +0000 2020,1289369908841603072,"",savethechildern qanon qanon2020 qanonworldwide wwgiwga,1150526153825951744
happynyan8888,retweeted_tweet_without_comment,Sat Aug 01 01:20:48 +0000 2020,1289370463953489920,宣誓動画 qarmyjapanflynn wwg1wgaworldwide taketheoath 日本 qアノン qanon,宣誓動画 qarmyjapanflynn wwg1wgaworldwide taketheoath 日本 qアノン qanon,2596555064
Blackdogyelp,reply,Sat Aug 01 01:25:18 +0000 2020,1289371595132174336,"",trump2020 kag2020 qanon wwg1wgaworlwide,796334950270300160
4sable,quoted_tweet,Sat Aug 01 01:25:34 +0000 2020,1289371662295605248,"",wwg1wga qanon,2463695922
ProjectThree2,quoted_tweet,Sat Aug 01 01:26:16 +0000 2020,1289371838959611904,"",wwg1wga qanon,1238750048994734080
RingoGunrich,quoted_tweet,Sat Aug 01 01:27:40 +0000 2020,1289372190316486656,"",wwg1wga qanon,3166626902
wakanalinda,quoted_tweet,Sat Aug 01 01:29:28 +0000 2020,1289372646304440320,"",qanon,275938772
TheHighLifeGame,original,Sat Aug 01 01:33:05 +0000 2020,1289373555306635264,"",galacticfederation victoryofthelight qanonsworldwide,2199852785
purema01,retweeted_tweet_without_comment,Sat Aug 01 01:35:17 +0000 2020,1289374108560613376,宣誓動画 qarmyjapanflynn wwg1wgaworldwide taketheoath 日本 qアノン qanon,宣誓動画 qarmyjapanflynn wwg1wgaworldwide taketheoath 日本 qアノン qanon,157173361
SunTzu03871658,quoted_tweet,Sat Aug 01 01:35:45 +0000 2020,1.289374226714e+18,"",q qanons,1077418096938442752
Jacquel15082119,quoted_tweet,Sat Aug 01 01:38:16 +0000 2020,1289374858791378944,"",wwg1wga qanon,1287125560200769536
joelgross90,quoted_tweet,Sat Aug 01 01:40:02 +0000 2020,1289375303341498368,"",qanons wwg1wga election2020,260392300
Linda_935_1025,original,Sat Aug 01 01:41:36 +0000 2020,1289375699359285248,"",hdqworks qanonworldwide,1284463745628921856
ValuesTrump,quoted_tweet,Sat Aug 01 01:41:46 +0000 2020,1289375741663043584,"",qanons thelostelection thestorm redalert thelostelection,1192203013424865280
Freedom4mykids1,quoted_tweet,Sat Aug 01 01:45:20 +0000 2020,1289376637700587520,"",wwg1wga qanon,1282848418872819712
OldGeek64,quoted_tweet,Sat Aug 01 01:48:04 +0000 2020,1289377327307034624,"",q qanons,180081706
MIKE88873115,quoted_tweet,Sat Aug 01 01:50:32 +0000 2020,1289377947808399360,"",patriotsfight trumptrain2020 trump maga2020 maga q qanon dems repubs conservative wuhanvirus walmart ufc us usa nra obama obamagaate bidenlandslide biden2020 biden,1246888142084415488
SecretRealityII,original,Sat Aug 01 01:51:24 +0000 2020,1289378166067400704,"",mypresident godwins qanon wwg1wga qanon wwg1wga godwins,927769770631495680
BoomPanic,original,Sat Aug 01 01:55:29 +0000 2020,1289379190374989824,"",maga qanon qarmy saveamerica unitednotdivided wwg1wga,1196612824426012672
GuysCoast,reply,Sat Aug 01 01:55:32 +0000 2020,1289379206367817728,"",braindeadtrumpster dearleader mangomussolini qanons maga,1273413072120578048
Na_2020_07_22,retweeted_tweet_without_comment,Sat Aug 01 01:56:31 +0000 2020,1289379453441724416,taketheoath q qanon qarmyjapanflynn wwg1wgaworldwide japan 宣誓動画,taketheoath q qanon qarmyjapanflynn wwg1wgaworldwide japan,1285808188504240128
KrazyKatyDid,original,Sat Aug 01 01:58:18 +0000 2020,1289379900177055744,"",wwg1wga qanons trump2020,380773915
aTruthUcantTake,retweeted_tweet_without_comment,Sat Aug 01 04:01:15 +0000 2020,1289410841746579456,peterstrzok lisapage mccain cia fbi qanon insecurehbo,peterstrzok lisapage mccain cia fbi,1281046428664676352
DearDia47481411,retweeted_tweet_without_comment,Sat Aug 01 04:02:31 +0000 2020,1289411160505061376,lolitaexpress epsteinisland qanon qarmy,lolitaexpress epsteinisland qanon qarmy,1025465171014115328
letsfinishthis7,retweeted_tweet_without_comment,Sat Aug 01 04:05:31 +0000 2020,1289411914313932800,maga kag qanon,maga kag qanon,1242949971424337920
MHelsley01,retweeted_tweet_without_comment,Sat Aug 01 04:07:02 +0000 2020,1289412295538479104,obama cabal qanons,"",720983288
godisgood1961,retweeted_tweet_without_comment,Sat Aug 01 04:08:28 +0000 2020,1289412659893305344,qanon wwg1wga,"",341008064
e_countryman,retweeted_tweet_without_comment,Sat Aug 01 04:13:19 +0000 2020,1289413879831965696,obama cabal qanons,"",1039725544286429184
ValeriotiJoanna,retweeted_tweet_without_comment,Sat Aug 01 04:14:34 +0000 2020,1289414195339878400,qanon wwg1wga,"",1252699466806763520
USPatriot1979,retweeted_tweet_without_comment,Sat Aug 01 04:16:32 +0000 2020,1289414688925597696,wwg1wga maga kag qanon,wwg1wga maga kag qanon,1266984132439130112
mrhigginsmom,retweeted_tweet_without_comment,Sat Aug 01 04:22:21 +0000 2020,1289416151081115648,qanon epstein,"",37824939
GinaSavannah,retweeted_tweet_without_comment,Sat Aug 01 04:26:03 +0000 2020,1289417083013353472,qanon epstein,"",78100890
Parents_IN_USA,retweeted_tweet_without_comment,Sat Aug 01 04:27:45 +0000 2020,1289417510811443200,votered2020removeeverydemocrat voteredtosaveamerica2020 wwgiwga kag qanon2020 trump2020,votered2020removeeverydemocrat voteredtosaveamerica2020 wwgiwga kag qanon2020,1187604096817287168
MaRaeBates,retweeted_tweet_without_comment,Sat Aug 01 04:32:37 +0000 2020,1289418733841080320,jesus bible scripture kag2020 wwg1wga qanon,jesus bible scripture kag2020 wwg1wga qanon,874856072
MaRaeBates,retweeted_tweet_without_comment,Sat Aug 01 04:32:47 +0000 2020,1289418779152261120,jesus bible scripture kag2020 wwg1wga qanon,jesus bible scripture kag2020 wwg1wga qanon,874856072
lb8825,retweeted_tweet_without_comment,Sat Aug 01 04:34:10 +0000 2020,1289419125928779776,crimesagainstchildren mindcontrol endtrafficking qanon,crimesagainstchildren,1111371424202219520
Basta68290765,retweeted_tweet_without_comment,Sat Aug 01 04:36:00 +0000 2020,1289419585519628288,qanon qanonworldwide qanon2020 wwg1wwga parler,qanon qanonworldwide qanon2020 wwg1wwga parler,1251480981929963520
CarolLovesTrump,retweeted_tweet_without_comment,Sat Aug 01 04:37:20 +0000 2020,1289419921785368576,isaackappy qanon wwg1wga,isaackappy,1880671987
SonCharlemagne,retweeted_tweet_without_comment,Sat Aug 01 04:41:18 +0000 2020,1289420922558877696,fookmasks quan qanon wwg1wga wwgowga,fookmasks quan qanon wwg1wga wwgowga,1267345439172501504
Hawkeye99716065,retweeted_tweet_without_comment,Sat Aug 01 04:41:51 +0000 2020,1289421059016536064,covid19 qanons wwg1wga thegreatawakening,covid19,1042956581493723136
SonCharlemagne,retweeted_tweet_without_comment,Sat Aug 01 04:42:33 +0000 2020,1289421234560614400,qanon quan wwg1wga wwgowga,qanon quan,1267345439172501504
MissPatriot2,retweeted_tweet_without_comment,Sat Aug 01 04:43:21 +0000 2020,1289421436260478976,covid19 qanons wwg1wga thegreatawakening,covid19,1040361322569916416
CVivani,retweeted_tweet_without_comment,Sat Aug 01 04:45:51 +0000 2020,1.289422065163e+18,qanon wwg1wgaworldwide,qanon wwg1wgaworldwide,711151994
kimmi_chelle,retweeted_tweet_without_comment,Sat Aug 01 04:51:46 +0000 2020,1289423555893981184,wethepeople soros blm blacklivesmatter defundthepolice domesticterrorism american demonrats china qanon,wethepeople soros blm blacklivesmatter,32608996
Shamira_1925,retweeted_tweet_without_comment,Sat Aug 01 04:51:52 +0000 2020,1289423581013610496,godwins wwg1wga qanon,"",761549772935208960
tooranomaki6910,retweeted_tweet_without_comment,Sat Aug 01 04:53:41 +0000 2020,1289424036506636288,trump kag qanon qarmy wwg1wga gitmo deepstate nk ww3,trump kag qanon qarmy wwg1wga gitmo deepstate nk ww3,1008176372622110720
therealmobstar,retweeted_tweet_without_comment,Sat Aug 01 04:56:51 +0000 2020,1289424836339671040,qanons qanonsworldwide,qanons,25906859
RICKISAPATRIOT,retweeted_tweet_without_comment,Sat Aug 01 04:56:55 +0000 2020,1289424849434107904,wethepeople soros blm blacklivesmatter defundthepolice domesticterrorism american demonrats china qanon,wethepeople soros blm blacklivesmatter,1073859867037839360
Michelle4God,retweeted_tweet_without_comment,Sat Aug 01 04:57:18 +0000 2020,1289424949455794176,qanon wwg1wgaworldwide,qanon wwg1wgaworldwide,1270568889315930112
beebberkins,retweeted_tweet_without_comment,Sat Aug 01 04:57:35 +0000 2020,1289425019517325312,covid19 qanons wwg1wga thegreatawakening,covid19,152939911
therealmobstar,retweeted_tweet_without_comment,Sat Aug 01 04:58:07 +0000 2020,1289425152640348160,qanons,qanons,25906859
KrissyPissy1,retweeted_tweet_without_comment,Sat Aug 01 04:58:18 +0000 2020,1289425197183856640,wethepeople soros blm blacklivesmatter defundthepolice domesticterrorism american demonrats china qanon,wethepeople soros blm blacklivesmatter,1090687812062662656
Johnkim05416420,retweeted_tweet_without_comment,Sat Aug 01 03:01:51 +0000 2020,1289395892286451712,draintheswamp qanon,draintheswamp qanon,1055668671580794880
Johnkim05416420,retweeted_tweet_without_comment,Sat Aug 01 03:01:57 +0000 2020,1.289395919088e+18,draintheswamp qanon,draintheswamp qanon,1055668671580794880
marcanoserrano,retweeted_tweet_without_comment,Sat Aug 01 03:03:03 +0000 2020,1289396195908091904,ww1wga qanons,ww1wga qanons,137715875
ArvilsArk,retweeted_tweet_without_comment,Sat Aug 01 03:04:40 +0000 2020,1289396602105262080,qanons,"",231903667
DisciplinedSoul,retweeted_tweet_without_comment,Sat Aug 01 03:08:44 +0000 2020,1289397627872837632,qsentme qanon wwg1wga digitalsoldier,"",1284670727766114304
LindaSt18683783,retweeted_tweet_without_comment,Sat Aug 01 03:12:11 +0000 2020,1289398493526634496,qanon epsteinsuicide,"",1172275165524385792
MoNSTeRPaRADiGM,retweeted_tweet_without_comment,Sat Aug 01 03:14:13 +0000 2020,1289399005353394176,epstein qanons,epstein qanons,1660720560
KevinRo56869915,retweeted_tweet_without_comment,Sat Aug 01 03:16:10 +0000 2020,1289399494946123776,qanon,"",1014550694626406400
army_e31JP,retweeted_tweet_without_comment,Sat Aug 01 03:17:49 +0000 2020,1289399910098378752,taketheoath q qanon qarmyjapanflynn wwg1wgaworldwide japan 宣誓動画,taketheoath q qanon qarmyjapanflynn wwg1wgaworldwide japan,1151006802781167616
Wwg1wgaTrump,retweeted_tweet_without_comment,Sat Aug 01 03:17:56 +0000 2020,1289399941081608192,wwg1wga thegreatawakening maga qanon,wwg1wga thegreatawakening maga qanon,3030415588
MoNSTeRPaRADiGM,retweeted_tweet_without_comment,Sat Aug 01 03:19:11 +0000 2020,1289400256195518464,trumpconcentrationcamps qanons maga,trumpconcentrationcamps,1660720560
army_e31JP,retweeted_tweet_without_comment,Sat Aug 01 03:20:21 +0000 2020,1289400547410239488,taketheoath q qanon qarmyjapanflynn wwg1wga japan q4510,taketheoath q qanon qarmyjapanflynn wwg1wga,1151006802781167616
GirlBrick1,retweeted_tweet_without_comment,Sat Aug 01 03:20:34 +0000 2020,1289400604456972288,pedowood pedogate epsteindidntkillhimself clintoncrimefamily maga kag qanon thursdaythoughts,pedowood,1261422969781227520
RonaldVilme1,retweeted_tweet_without_comment,Sat Aug 01 03:21:22 +0000 2020,1289400805959688192,qanons,"",4168546875
DanielBD1984,retweeted_tweet_without_comment,Sat Aug 01 03:21:36 +0000 2020,1289400865388769280,jeffreyepstein qanon wwg1gwa,"",855229465441574912
ruseriousrtnw,retweeted_tweet_without_comment,Sat Aug 01 03:21:47 +0000 2020,1289400909810642944,qanon epstein,"",951903612568993792
mamo88065949,retweeted_tweet_without_comment,Sat Aug 01 03:22:30 +0000 2020,1289401092103528448,taketheoath q qanon qarmyjapanflynn wwg1wgaworldwide japan 宣誓動画,taketheoath q qanon qarmyjapanflynn wwg1wgaworldwide japan,614442879
MoNSTeRPaRADiGM,retweeted_tweet_without_comment,Sat Aug 01 03:24:30 +0000 2020,1289401592052158464,qanons alandershowitz,qanons alandershowitz,1660720560
tj6feather,retweeted_tweet_without_comment,Sat Aug 01 03:25:02 +0000 2020,1289401726609448960,trump2020 qanon wwg1wga,trump2020 qanon wwg1wga,943183246916911104
chattycathy317,retweeted_tweet_without_comment,Sat Aug 01 03:28:48 +0000 2020,1289402677588299776,q qanon wwg1wga pan peterpan,q qanon wwg1wga pan peterpan,2253787674
hippiewagon1,retweeted_tweet_without_comment,Sat Aug 01 03:32:37 +0000 2020,1289403636724842496,epstein qanons,epstein qanons,1271082020119158784
markey_mark1,retweeted_tweet_without_comment,Sat Aug 01 03:32:58 +0000 2020,1289403723039387648,qanon wwg1wga,"",883608829
mamo88065949,retweeted_tweet_without_comment,Sat Aug 01 03:33:23 +0000 2020,1289403828979130368,taketheoath q qanon qarmyjapanflynn wwg1wga japan q4510,taketheoath q qanon qarmyjapanflynn wwg1wga,614442879
truth_dizzy,retweeted_tweet_without_comment,Sat Aug 01 03:33:40 +0000 2020,1289403898978066432,qanon wwg1wga,"",1243037733368586240
reon_ohi,retweeted_tweet_without_comment,Sat Aug 01 03:35:10 +0000 2020,1289404276721123328,wwg1wga qanon qarmyjapanflynn ヒラリーをみる眼差し,wwg1wga qanon,123811734
JackMih26312186,retweeted_tweet_without_comment,Sat Aug 01 03:35:10 +0000 2020,1289404277195071488,qanon epstein,"",1213952094471778304
LindaLiberty9,retweeted_tweet_without_comment,Sat Aug 01 03:38:41 +0000 2020,1289405161811533824,qanon epsteinsuicide,"",1165398811008819200
flygirlrn1,retweeted_tweet_without_comment,Sat Aug 01 03:38:49 +0000 2020,1289405194606796800,clintonfoundation qanon,"",1255123348671135744
LindaLiberty9,retweeted_tweet_without_comment,Sat Aug 01 03:39:43 +0000 2020,1289405423322202112,qanon thursdaythoughts,"",1165398811008819200
nanato4kids,retweeted_tweet_without_comment,Sat Aug 01 03:42:22 +0000 2020,1289406088492785664,qanon thursdaythoughts,"",2502934192
KeyhreArdeleh,retweeted_tweet_without_comment,Sat Aug 01 03:44:42 +0000 2020,1289406675389046784,qanon wwg1wga,"",925232289486856192
spark_radio_net,retweeted_tweet_without_comment,Sat Aug 01 03:46:40 +0000 2020,1289407173206794240,mmpn jointheconversation standup endhate wakeup q qanon wwg1wga potus chicago help maxwellfiles endthis darktolight exposethemall,mmpn jointheconversation standup endhate wakeup q qanon wwg1wga,1000924337082388480
tooranomaki6910,retweeted_tweet_without_comment,Sat Aug 01 03:46:56 +0000 2020,1289407240839892992,trump kag qanon qarmy wwg1wga gitmo deepstate nk ww3,trump kag qanon qarmy wwg1wga gitmo deepstate nk ww3,1008176372622110720
breakgear001,retweeted_tweet_without_comment,Sat Aug 01 03:51:03 +0000 2020,1289408277046935552,taketheoath q qanon qarmyjapanflynn wwg1wga japan q4510,taketheoath q qanon qarmyjapanflynn wwg1wga,1029845032348479488
EmilyAiyana1,retweeted_tweet_without_comment,Sat Aug 01 03:55:24 +0000 2020,1289409371089190912,qanon wwg1wga,"",1.288018513488e+18
tooranomaki6910,retweeted_tweet_without_comment,Sat Aug 01 03:57:16 +0000 2020,1289409840763170816,trump kag qanon qarmy wwg1wga gitmo deepstate nk ww3,trump kag qanon qarmy wwg1wga gitmo deepstate nk ww3,1008176372622110720
Hitaqqti,retweeted_tweet_without_comment,Sat Aug 01 03:58:57 +0000 2020,1289410263104385024,qarmyjapanflynn qanon wwg1wga stormisuponus,qarmyjapanflynn qanon wwg1wga stormisuponus,96968240
MsfFlynnerland,retweeted_tweet_without_comment,Sat Aug 01 03:59:02 +0000 2020,1289410283694444544,obama cabal qanons,"",801632956456599552
OneLastRun54,retweeted_tweet_without_comment,Sat Aug 01 02:00:47 +0000 2020,1289380527078694912,votered2020removeeverydemocrat voteredtosaveamerica2020 wwgiwga kag qanon2020 trump2020,votered2020removeeverydemocrat voteredtosaveamerica2020 wwgiwga kag qanon2020,1608622200
CCksmiles1,retweeted_tweet_without_comment,Sat Aug 01 02:01:39 +0000 2020,1289380745715187712,covid19 qanons wwg1wga thegreatawakening,covid19,2269552650
wrs1260,retweeted_tweet_without_comment,Sat Aug 01 02:08:24 +0000 2020,1289382440423821312,clintonfoundation qanon,"",4011800885
Lover56Coffee,retweeted_tweet_without_comment,Sat Aug 01 02:08:48 +0000 2020,1289382542420787200,wakeupamerica factsmatter saveamerica unitednotdivided wwg1wga qanon wethepeople greatawakening realnews declas truth factsmatter factsfirst draintheswamp maga kag qarmy,wakeupamerica factsmatter,1282366611861540864
wrs1260,retweeted_tweet_without_comment,Sat Aug 01 02:09:18 +0000 2020,1289382669453647872,qanon disney,"",4011800885
Verbalmoto1,retweeted_tweet_without_comment,Sat Aug 01 02:11:50 +0000 2020,1289383306094456832,fookmasks quan qanon wwg1wga wwgowga,fookmasks quan qanon wwg1wga wwgowga,978036840904187904
FalliveneEdward,retweeted_tweet_without_comment,Sat Aug 01 02:13:28 +0000 2020,1289383718633852928,maga kag qanon,maga kag qanon,1141804326823825408
DanaEiranon,retweeted_tweet_without_comment,Sat Aug 01 02:17:23 +0000 2020,1289384701161951232,maga qanon qarmy saveamerica unitednotdivided wwg1wga,"",1259225768267321344
stumgolf1,retweeted_tweet_without_comment,Sat Aug 01 02:18:19 +0000 2020,1289384938383396864,biden kerry obama ukraine qanon,biden kerry obama,2815297154
MercuryEy,retweeted_tweet_without_comment,Sat Aug 01 02:18:34 +0000 2020,1289384998877818880,taketheoath qanon qarmyjapanflynn wwg1wga japan 宣誓動画 q4510,taketheoath qanon qarmyjapanflynn wwg1wga japan,2253373777
TriCityonadime,retweeted_tweet_without_comment,Sat Aug 01 02:21:16 +0000 2020,1289385678954848256,savethechildren qanon qanonworldwide,"",239964591
Godskid234,retweeted_tweet_without_comment,Sat Aug 01 02:21:55 +0000 2020,1289385842402668544,votered2020removeeverydemocrat voteredtosaveamerica2020 wwgiwga kag qanon2020 trump2020,votered2020removeeverydemocrat voteredtosaveamerica2020 wwgiwga kag qanon2020,24573400
happynyan8888,retweeted_tweet_without_comment,Sat Aug 01 02:27:16 +0000 2020,1289387192305950720,taketheoath qanon qarmyjapanflynn wwg1wga japan 宣誓動画 q4510,taketheoath qanon qarmyjapanflynn wwg1wga japan,2596555064
Sarah30769293,retweeted_tweet_without_comment,Sat Aug 01 02:29:53 +0000 2020,1289387847271813120,qanon wwg1wga,"",1285946667557060608
Just2spiffy,retweeted_tweet_without_comment,Sat Aug 01 02:31:03 +0000 2020,1289388141267230720,potus obamagate qanon walkaway wwg1wga trump2020,potus obamagate,2288781522
marimacint,retweeted_tweet_without_comment,Sat Aug 01 02:31:32 +0000 2020,1289388265770950656,qanon greatawakening jfk,"",93657255
marimacint,retweeted_tweet_without_comment,Sat Aug 01 02:31:45 +0000 2020,1289388317230788608,qanon greatawakening jfk,"",93657255
marimacint,retweeted_tweet_without_comment,Sat Aug 01 02:31:55 +0000 2020,1289388361250037760,qanon greatawakening jfk,"",93657255
marimacint,retweeted_tweet_without_comment,Sat Aug 01 02:32:02 +0000 2020,1289388391835095040,qanon greatawekening qrs11,qanon greatawekening qrs11,93657255
meigetu10,retweeted_tweet_without_comment,Sat Aug 01 02:32:09 +0000 2020,1289388418791690240,qarmyjapanflynn qanon wwg1wga stormisuponus,qarmyjapanflynn qanon wwg1wga stormisuponus,969881331592134656
CaqtainSensible,retweeted_tweet_without_comment,Sat Aug 01 02:32:22 +0000 2020,1289388475205079040,qanon greatawakening jfk,"",389283764
marimacint,retweeted_tweet_without_comment,Sat Aug 01 02:32:24 +0000 2020,1289388482188566528,qanon greatawakening qrs11,"",93657255
Just2spiffy,retweeted_tweet_without_comment,Sat Aug 01 02:32:40 +0000 2020,1289388548664119296,potus obamagate qanon walkaway wwg1wga trump2020,potus obamagate,2288781522
diamondgirl2222,retweeted_tweet_without_comment,Sat Aug 01 02:33:34 +0000 2020,1289388774464528384,q qanon qarmy maga wwg1wga deepstate kag followthewhiterabbit spygate thegreatawakening draintheswamp,"",453507246
diamondgirl2222,retweeted_tweet_without_comment,Sat Aug 01 02:33:52 +0000 2020,1289388853044813824,qanon,"",453507246
Mellb71,retweeted_tweet_without_comment,Sat Aug 01 02:35:15 +0000 2020,1289389201062912000,covid19 qanons wwg1wga thegreatawakening,covid19,56623914
TheWantedEmcees,retweeted_tweet_without_comment,Sat Aug 01 02:35:29 +0000 2020,1289389260093689856,qanon,"",821644302
rob_landen,retweeted_tweet_without_comment,Sat Aug 01 02:35:59 +0000 2020,1289389384983183360,isaackappy qanon wwg1wga,isaackappy,756117245487644672
4heartandsoul,retweeted_tweet_without_comment,Sat Aug 01 02:36:23 +0000 2020,1289389485914873856,qanon greatawakening jfk,"",1112776749597679616
Vic521Vickie,retweeted_tweet_without_comment,Sat Aug 01 02:36:51 +0000 2020,1289389603238170624,epsteinisland qanons qanonban,epsteinisland,781292300253016064
4heartandsoul,retweeted_tweet_without_comment,Sat Aug 01 02:37:17 +0000 2020,1289389711614603264,qanon greatawakening jfk,"",1112776749597679616
4heartandsoul,retweeted_tweet_without_comment,Sat Aug 01 02:37:24 +0000 2020,1289389739028619264,qanon greatawakening jfk,"",1112776749597679616
CelticOddtree,retweeted_tweet_without_comment,Sat Aug 01 02:38:29 +0000 2020,1289390013562707968,qanon wwg1wga,"",72561206
Just2spiffy,retweeted_tweet_without_comment,Sat Aug 01 02:41:30 +0000 2020,1289390771615887360,potus obamagate qanon walkaway wwg1wga trump2020,potus obamagate,2288781522
J_anon123,retweeted_tweet_without_comment,Sat Aug 01 02:42:50 +0000 2020,1289391108812750848,covid19 qanons wwg1wga thegreatawakening,covid19,1253894947339669504
rottenbanana101,retweeted_tweet_without_comment,Sat Aug 01 02:43:27 +0000 2020,1289391264501125120,qanon epsteinsuicide,"",1182796388792459264
supradados,retweeted_tweet_without_comment,Sat Aug 01 02:46:11 +0000 2020,1289391952488812544,qanon qanonbr thegreatawakening wwg1wga knowthecure covidcure covid19,qanon qanonbr thegreatawakening wwg1wga knowthecure covidcure covid19,36402939
levsyl,retweeted_tweet_without_comment,Sat Aug 01 02:46:39 +0000 2020,1289392067219726336,qanon greatawakening jfk,"",1212619804948885504
TheWantedEmcees,retweeted_tweet_without_comment,Sat Aug 01 02:49:03 +0000 2020,1289392674345226240,thegreatawakening qanon,thegreatawakening qanon,821644302
t_USAlover,retweeted_tweet_without_comment,Sat Aug 01 02:54:35 +0000 2020,1289394066182955008,savethechildren crimesagainstchildren crimesagainsthumanity thestorm qanons thegreatawakeningworldwide trump2020landslidevictory,savethechildren crimesagainstchildren crimesagainsthumanity,3276446089
1breathaway2u,retweeted_tweet_without_comment,Sat Aug 01 02:55:26 +0000 2020,1289394278964146176,jesus bible scripture kag2020 wwg1wga qanon,jesus bible scripture kag2020 wwg1wga qanon,371944522
1breathaway2u,retweeted_tweet_without_comment,Sat Aug 01 02:55:29 +0000 2020,1289394291559849984,jesus bible scripture kag2020 wwg1wga qanon,jesus bible scripture kag2020 wwg1wga qanon,371944522
1breathaway2u,retweeted_tweet_without_comment,Sat Aug 01 02:55:33 +0000 2020,1289394306990477312,jesus bible scripture kag2020 wwg1wga qanon,"",371944522
OffshoreMaven,retweeted_tweet_without_comment,Sat Aug 01 02:56:51 +0000 2020,1289394636847321088,qanon wwg1wga,"",254532265
jadegreen0987,retweeted_tweet_without_comment,Sat Aug 01 00:59:59 +0000 2020,1289365223703367680,qanon thursdaythoughts,"",790601614402785280
michicaligirl,retweeted_tweet_without_comment,Sat Aug 01 01:02:12 +0000 2020,1289365782049112064,magachallenge qanons wwg1wga q,magachallenge,1260303758178697216
QramaQbi,retweeted_tweet_without_comment,Sat Aug 01 01:04:08 +0000 2020,1289366269397893120,qarmyjapanflynn qanon wwg1wga stormisuponus,qarmyjapanflynn qanon wwg1wga stormisuponus,1268232138295373824
bossmanomega22,retweeted_tweet_without_comment,Sat Aug 01 01:04:25 +0000 2020,1289366339463733248,savethechildren qanon qanonworldwide,"",884238012959399936
pup_goss,retweeted_tweet_without_comment,Sat Aug 01 01:06:11 +0000 2020,1289366784106143744,covid19 qanons wwg1wga thegreatawakening,covid19,416613806
Mad_Dawg29,retweeted_tweet_without_comment,Sat Aug 01 01:06:22 +0000 2020,1289366831761887232,covid19 qanons wwg1wga thegreatawakening,covid19,208381653
LOZ41666248,retweeted_tweet_without_comment,Sat Aug 01 01:06:44 +0000 2020,1289366925584162816,maga kag qanon,maga kag qanon,883147630636916736
RoodGridance,retweeted_tweet_without_comment,Sat Aug 01 01:08:05 +0000 2020,1289367264555405312,magachallenge qanons wwg1wga q,magachallenge,50425887
REDSUNAMI2020,retweeted_tweet_without_comment,Sat Aug 01 01:10:49 +0000 2020,1289367950516920320,savethechildren qanon qanonworldwide,"",1276637984800964608
ginghaa,retweeted_tweet_without_comment,Sat Aug 01 01:10:54 +0000 2020,1289367972058820608,qanons one team julianassange,qanons,1.246466588687e+18
wayne161718,retweeted_tweet_without_comment,Sat Aug 01 01:13:29 +0000 2020,1289368621630631936,magachallenge qanons wwg1wga q,magachallenge,1246113984824082432
val26534947,retweeted_tweet_without_comment,Sat Aug 01 01:15:58 +0000 2020,1289369247110410240,qanon,"",1159607853579210752
DanihelJoe,retweeted_tweet_without_comment,Sat Aug 01 01:17:35 +0000 2020,1289369656067674112,defundphilanow wwg1wga qanon2020 maga2020 kag,"",1140938021300264960
TrippyQ137,retweeted_tweet_without_comment,Sat Aug 01 01:17:55 +0000 2020,1289369736766042112,savethechildren qanon qanonworldwide,"",964674704781922304
ElizabethVlaho1,retweeted_tweet_without_comment,Sat Aug 01 01:18:00 +0000 2020,1289369759016984576,qanon wwg1wga,"",757274353889341440
Gr8ful4America,retweeted_tweet_without_comment,Sat Aug 01 01:18:03 +0000 2020,1289369773495611392,covid19 qanons wwg1wga thegreatawakening,covid19,160763898
happynyan8888,retweeted_tweet_without_comment,Sat Aug 01 01:20:48 +0000 2020,1289370463953489920,宣誓動画 qarmyjapanflynn wwg1wgaworldwide taketheoath 日本 qアノン qanon,宣誓動画 qarmyjapanflynn wwg1wgaworldwide taketheoath 日本 qアノン qanon,2596555064
reddog0468,retweeted_tweet_without_comment,Sat Aug 01 01:22:16 +0000 2020,1289370833782218752,qanon thursdaythoughts,"",469865155
msshel1,retweeted_tweet_without_comment,Sat Aug 01 01:25:25 +0000 2020,1289371625150980096,savethechildren crimesagainstchildren crimesagainsthumanity thestorm qanons thegreatawakeningworldwide trump2020landslidevictory,savethechildren crimesagainstchildren crimesagainsthumanity,168825790
GramyMontana,retweeted_tweet_without_comment,Sat Aug 01 01:25:56 +0000 2020,1289371755182604288,qanon wwg1wga,"",1281804152583012352
IAMFAMKE,retweeted_tweet_without_comment,Sat Aug 01 01:26:05 +0000 2020,1289371791786352640,covid19 qanons wwg1wga thegreatawakening,covid19,28287279
micheleod1,retweeted_tweet_without_comment,Sat Aug 01 01:31:01 +0000 2020,1289373033564499968,qanon wwg1wga,"",1624284144
badov49,retweeted_tweet_without_comment,Sat Aug 01 01:33:01 +0000 2020,1289373539682775040,isaackappy qanon wwg1wga,isaackappy,874606098
DE374104634,retweeted_tweet_without_comment,Sat Aug 01 01:33:34 +0000 2020,1289373676777897984,covid19 qanons wwg1wga thegreatawakening,covid19,1147942185301663744
purema01,retweeted_tweet_without_comment,Sat Aug 01 01:35:17 +0000 2020,1289374108560613376,宣誓動画 qarmyjapanflynn wwg1wgaworldwide taketheoath 日本 qアノン qanon,宣誓動画 qarmyjapanflynn wwg1wgaworldwide taketheoath 日本 qアノン qanon,157173361
RitaRED16,retweeted_tweet_without_comment,Sat Aug 01 01:36:57 +0000 2020,1289374528297037824,savethechildren qanon qanonworldwide,"",1176967284276875264
NBrownfield86,retweeted_tweet_without_comment,Sat Aug 01 01:40:03 +0000 2020,1289375309649686528,savethechildren qanon qanonworldwide,"",1078254481
ProudCitizen7,retweeted_tweet_without_comment,Sat Aug 01 01:44:08 +0000 2020,1289376336230772736,qanon epstein,"",1205663880313294848
ThinQingAnon,retweeted_tweet_without_comment,Sat Aug 01 01:46:19 +0000 2020,1289376883449053184,covid19 qanons wwg1wga thegreatawakening,covid19,876216907166236672
happynyan8888,retweeted_tweet_without_comment,Sat Aug 01 01:46:29 +0000 2020,1289376925702471680,president presidenttrump stalking slander q qanon qarmyjapanflynn eri scam tcl 犯罪者,president presidenttrump,2596555064
TimSher38807557,retweeted_tweet_without_comment,Sat Aug 01 01:48:58 +0000 2020,1289377550716661760,qanon qanonworldwide thegreatawakeningworldwide thegreatawakening qanons maga,"",966251017879814144
Caroldee30,retweeted_tweet_without_comment,Sat Aug 01 01:49:14 +0000 2020,1289377618286931968,savethechildren qanon qanonworldwide,"",3152982301
RickySi16087724,retweeted_tweet_without_comment,Sat Aug 01 01:49:54 +0000 2020,1289377786130382848,qanon maga thestorm,"",781838159134896128
Karen_is_Woke,retweeted_tweet_without_comment,Sat Aug 01 01:50:27 +0000 2020,1289377923846283264,savethechildren qanon qanonworldwide,"",1281813977035661312
TxSaya,retweeted_tweet_without_comment,Sat Aug 01 01:53:47 +0000 2020,1289378764787458048,qanon maga thestorm,"",16090807
Qpatriots17,retweeted_tweet_without_comment,Sat Aug 01 01:55:41 +0000 2020,1289379243185471488,covid19 qanons wwg1wga thegreatawakening,covid19,1249515470757060608
StorinoCarmella,retweeted_tweet_without_comment,Sat Aug 01 01:55:49 +0000 2020,1289379274953113600,covid19 qanons wwg1wga thegreatawakening,covid19,825360556919975936
Na_2020_07_22,retweeted_tweet_without_comment,Sat Aug 01 01:56:31 +0000 2020,1289379453441724416,taketheoath q qanon qarmyjapanflynn wwg1wgaworldwide japan 宣誓動画,taketheoath q qanon qarmyjapanflynn wwg1wgaworldwide japan,1285808188504240128
purplemaniaco,retweeted_tweet_without_comment,Sat Aug 01 01:58:23 +0000 2020,1289379919886082048,covid19 qanons wwg1wga thegreatawakening,covid19,2423884731
RyanHansen76,retweeted_tweet_without_comment,Sat Aug 01 01:59:15 +0000 2020,1289380139944390656,savethechildren crimesagainstchildren crimesagainsthumanity thestorm qanons thegreatawakeningworldwide trump2020landslidevictory,savethechildren crimesagainstchildren crimesagainsthumanity,1279727186736537600
mauroville,retweeted_tweet_without_comment,Sat Aug 01 01:59:24 +0000 2020,1289380175872811008,q qanons jfkjr thegreatawakening patriots ww1wga obamagate therabbithole draintheswamp darktolight deepstate trusttheplan godwins,"",53460860
tooranomaki6910,quoted_tweet,Sat Aug 01 04:02:23 +0000 2020,1289411129135886336,"","",1008176372622110720
mizzblueeyes,quoted_tweet,Sat Aug 01 04:02:46 +0000 2020,1289411223943933952,"","",31630529
LeftLoons,quoted_tweet,Sat Aug 01 04:04:48 +0000 2020,1289411733497319424,"","",956916554322427904
Drock23896,quoted_tweet,Sat Aug 01 04:05:03 +0000 2020,1289411798580387840,"","",1266905699981733888
FTM_Think17,quoted_tweet,Sat Aug 01 04:08:19 +0000 2020,1289412622312288256,"","",1207831369763753984
WethePeoplePets,quoted_tweet,Sat Aug 01 04:09:51 +0000 2020,1289413007412355072,"","",32942732
isVjRDnit24xuLE,quoted_tweet,Sat Aug 01 04:10:01 +0000 2020,1289413047853805568,"","",869435695017979904
PlasticflaskQQ,quoted_tweet,Sat Aug 01 04:10:31 +0000 2020,1289413172852555776,"","",1275850042402918400
YhT72lYVgeyTEg1,quoted_tweet,Sat Aug 01 04:13:07 +0000 2020,1289413827864309760,"","",1098890310002794496
horisusumuyo31,quoted_tweet,Sat Aug 01 04:14:00 +0000 2020,1289414049575313408,"","",918424353204666368
kVyIVg1HhsVBEAw,quoted_tweet,Sat Aug 01 04:16:54 +0000 2020,1289414779791015936,"","",1209074205825699840
zzr3796r,quoted_tweet,Sat Aug 01 04:17:30 +0000 2020,1289414932899880960,"","",1964507112
mbuckel1,quoted_tweet,Sat Aug 01 04:19:13 +0000 2020,1289415364175187968,"","",1725899935
zzr3796r,quoted_tweet,Sat Aug 01 04:19:44 +0000 2020,1289415493955158016,"","",1964507112
zzr3796r,quoted_tweet,Sat Aug 01 04:20:03 +0000 2020,1289415574632554496,"","",1964507112
zzr3796r,quoted_tweet,Sat Aug 01 04:20:07 +0000 2020,1289415589413281792,"","",1964507112
zzr3796r,quoted_tweet,Sat Aug 01 04:20:28 +0000 2020,1289415676298268672,"","",1964507112
woody_500,quoted_tweet,Sat Aug 01 04:23:48 +0000 2020,1289416518023827456,"","",114733253
qisrea,quoted_tweet,Sat Aug 01 04:25:29 +0000 2020,1289416942432866304,"",qarmy,335331563
qisrea,quoted_tweet,Sat Aug 01 04:25:36 +0000 2020,1289416969595150336,"",qanons,335331563
qisrea,quoted_tweet,Sat Aug 01 04:25:48 +0000 2020,1289417019146690560,"",trump,335331563
qisrea,quoted_tweet,Sat Aug 01 04:25:54 +0000 2020,1289417045046484992,"",trumpisnotwell,335331563
qisrea,quoted_tweet,Sat Aug 01 04:26:00 +0000 2020,1289417070883385344,"",trumpthreatensamerica,335331563
cures0710,quoted_tweet,Sat Aug 01 04:26:40 +0000 2020,1289417238345261056,"",人 情報 国民 生活 プロパガンダ 獣以下 twitter 電通 日本銀行 経団連 マスゴミ 創価学会 ヤクザ 半グレ,1066273432675860480
herblavender4,quoted_tweet,Sat Aug 01 04:27:39 +0000 2020,1289417487302266880,"","",952092206994620416
Usagi9ua61,quoted_tweet,Sat Aug 01 04:29:55 +0000 2020,1289418055005532160,"","",790832549165621248
CWilliams1409,quoted_tweet,Sat Aug 01 04:32:01 +0000 2020,1289418582820966400,"",drainthedeepstateswamp nancypelosi iihanomar aoc fraud moneylaundering blmmarxists,46143497
amenomurakumo5,quoted_tweet,Sat Aug 01 04:33:12 +0000 2020,1289418883401543680,"","",1156038610136600576
amenomurakumo5,quoted_tweet,Sat Aug 01 04:33:29 +0000 2020,1289418952414658560,"","",1156038610136600576
HifiMega,quoted_tweet,Sat Aug 01 04:34:11 +0000 2020,1289419129959510016,"","",1273093780384575488
AmberLe36494394,quoted_tweet,Sat Aug 01 04:35:27 +0000 2020,1289419447459971072,"","",1243972864123883520
MJedi67,quoted_tweet,Sat Aug 01 04:37:18 +0000 2020,1289419914382581760,"",q,1222866616528048128
kikou_mewan,quoted_tweet,Sat Aug 01 04:47:06 +0000 2020,1289422382248026112,"",oppression speech oppressionofspeech q,3151369794
naruyu31,quoted_tweet,Sat Aug 01 04:50:21 +0000 2020,1289423198132420608,"","",1247485303423504384
tooranomaki6910,quoted_tweet,Sat Aug 01 04:53:34 +0000 2020,1289424008920743936,"","",1008176372622110720
dmfact,quoted_tweet,Sat Aug 01 03:01:13 +0000 2020,1289395734681251840,"",qanon,242056447
JackRos22241643,quoted_tweet,Sat Aug 01 03:05:05 +0000 2020,1289396705582960640,"","",759088217836646400
kanache81,quoted_tweet,Sat Aug 01 03:05:52 +0000 2020,1289396906032947200,"",テクノロジー犯罪 集団ストーカー 被害を知ってほしい 末端まで逮捕,1036901394031112192
martinzoila2015,quoted_tweet,Sat Aug 01 03:08:03 +0000 2020,1289397452039053312,"",eeuu usa protests2020 trumpfailedamerica trumpkillsflorida trumpislosing salud desempleo economy,4100043083
joegee9302,quoted_tweet,Sat Aug 01 03:09:11 +0000 2020,1289397741072920576,"","",382678128
LetsMoveOnward,quoted_tweet,Sat Aug 01 03:09:21 +0000 2020,1289397780956446720,"",kag maga freedom liberty,708179232627646464
jordeval,quoted_tweet,Sat Aug 01 03:10:04 +0000 2020,1289397962305462272,"",eeuu usa protests2020 trumpfailedamerica trumpkillsflorida trumpislosing salud desempleo economy,308750613
foxtrotmike11,quoted_tweet,Sat Aug 01 03:12:38 +0000 2020,1289398605955178496,"","",720964252761063424
oinzakakyudesu,quoted_tweet,Sat Aug 01 03:12:58 +0000 2020,1289398689446805504,"","",2300584992
nerazzurista16,quoted_tweet,Sat Aug 01 03:15:37 +0000 2020,1289399357796544512,"","",126011411
4ourCountry,quoted_tweet,Sat Aug 01 03:18:00 +0000 2020,1289399958899228672,"","",733475853045272576
OneHear30151425,quoted_tweet,Sat Aug 01 03:20:14 +0000 2020,1289400519014850560,"",テクノロジー犯罪 集団ストーカー 被害を知ってほしい 末端まで逮捕,1.269525507307e+18
zeusFanHouse,quoted_tweet,Sat Aug 01 03:29:55 +0000 2020,1289402958342307840,"","",259260816
LattyDian,quoted_tweet,Sat Aug 01 03:30:40 +0000 2020,1289403147186663424,"","",772487185031311360
lbj30,quoted_tweet,Sat Aug 01 03:33:15 +0000 2020,1289403795982647296,"","",716784760354443264
CASuperrunner,quoted_tweet,Sat Aug 01 03:33:20 +0000 2020,1289403814777196544,"","",634686904
flygirlrn1,quoted_tweet,Sat Aug 01 03:33:21 +0000 2020,1289403819454062592,"","",1255123348671135744
AuneTilly,quoted_tweet,Sat Aug 01 03:34:18 +0000 2020,1289404059506503680,"","",1045306523235307520
Freedom4Red4,quoted_tweet,Sat Aug 01 03:34:40 +0000 2020,1289404153140109312,"","",1043352033162551296
JimTuscaloosaAl,quoted_tweet,Sat Aug 01 03:35:03 +0000 2020,1289404248912875520,"","",365256150
Maca691,quoted_tweet,Sat Aug 01 03:35:18 +0000 2020,1289404310183268352,"","",122143791
zeusFanHouse,quoted_tweet,Sat Aug 01 03:35:52 +0000 2020,1289404453200621568,"","",259260816
bunnybbskipper,quoted_tweet,Sat Aug 01 03:37:07 +0000 2020,1289404766955528192,"","",1240606894236016640
natalie_k7,quoted_tweet,Sat Aug 01 03:37:57 +0000 2020,1289404979954872320,"","",1259538128777461760
sharihope1,quoted_tweet,Sat Aug 01 03:38:27 +0000 2020,1289405103485489152,"","",49431169
DesignerDeb3,quoted_tweet,Sat Aug 01 03:38:33 +0000 2020,1289405130765250560,"","",1332367184
Doug625,quoted_tweet,Sat Aug 01 03:38:45 +0000 2020,1289405181587648512,"","",30961636
Smokecat11,quoted_tweet,Sat Aug 01 03:40:02 +0000 2020,1289405500765814784,"","",947924480600494080
kcbold20,quoted_tweet,Sat Aug 01 03:40:29 +0000 2020,1289405615014473728,"","",28282790
AimeethxQ,quoted_tweet,Sat Aug 01 03:40:39 +0000 2020,1289405659235012608,"","",807908325346000896
votenickmoutos,quoted_tweet,Sat Aug 01 03:41:00 +0000 2020,1289405744123539456,"",pedophile,1162469289900892160
bakayaro1112,quoted_tweet,Sat Aug 01 03:41:35 +0000 2020,1289405892434132992,"","",264074811
stephiewex,quoted_tweet,Sat Aug 01 03:41:37 +0000 2020,1289405902034841600,"",humantraffickingawarenessday,203780681
nanato4kids,quoted_tweet,Sat Aug 01 03:41:51 +0000 2020,1289405959102541824,"","",2502934192
qnonymous76,quoted_tweet,Sat Aug 01 03:42:35 +0000 2020,1289406144495190016,"","",1282078991000702976
takeit2them,quoted_tweet,Sat Aug 01 03:44:54 +0000 2020,1.289406726136e+18,"",pedophile,1278352169159319552
patriot_kampung,quoted_tweet,Sat Aug 01 03:46:22 +0000 2020,1289407097512189952,"","",261023985
tooranomaki6910,quoted_tweet,Sat Aug 01 03:46:48 +0000 2020,1289407205964263424,"","",1008176372622110720
Kathleendegree1,quoted_tweet,Sat Aug 01 03:48:56 +0000 2020,1289407740989681664,"","",1027021349959688192
cro_essence,quoted_tweet,Sat Aug 01 03:49:58 +0000 2020,1289408000592027648,"",twitter hashtags pedophiles abuse live,778828218681987072
brisquen,quoted_tweet,Sat Aug 01 03:51:05 +0000 2020,1289408284810571776,"","",944310108405690368
m_ken46,quoted_tweet,Sat Aug 01 03:52:24 +0000 2020,1289408616840101888,"","",235509527
StormWatchGirl,quoted_tweet,Sat Aug 01 03:52:30 +0000 2020,1289408641271918592,"","",974778569204232192
ChastyNicholes,quoted_tweet,Sat Aug 01 03:52:37 +0000 2020,1289408667532451840,"","",2437291914
lb8825,quoted_tweet,Sat Aug 01 03:54:04 +0000 2020,1289409032436846592,"","",1111371424202219520
tooranomaki6910,quoted_tweet,Sat Aug 01 03:57:11 +0000 2020,1289409817602211840,"","",1008176372622110720
lovemycoumtry,quoted_tweet,Sat Aug 01 03:57:17 +0000 2020,1289409843577540608,"","",784824513603121152
meigetu10,quoted_tweet,Sat Aug 01 03:58:06 +0000 2020,1289410047315808256,"",taketheoath winning,969881331592134656
CliffHop,quoted_tweet,Sat Aug 01 03:58:36 +0000 2020,1289410173421760512,"","",993238684026703872
rjceo0,quoted_tweet,Sat Aug 01 03:59:44 +0000 2020,1289410459724967936,"","",244816063
bilddawall,quoted_tweet,Sat Aug 01 02:05:17 +0000 2020,1289381656927715328,"",wwg1wga wwg1wgaworldwide qanon greatawakening,1280838693268393984
GeeWhiz__,quoted_tweet,Sat Aug 01 02:05:24 +0000 2020,1289381686120026112,"","",125640659
melodiescorner,quoted_tweet,Sat Aug 01 02:07:43 +0000 2020,1289382270428577792,"","",268255818
OtherMarySpeaks,quoted_tweet,Sat Aug 01 02:09:49 +0000 2020,1289382797547679744,"",wwg1wga wwg1wgaworldwide qanon greatawakening,114774809
Yonzie2Q2Q,quoted_tweet,Sat Aug 01 02:11:17 +0000 2020,1289383166659014656,"","",1072714912240160768
Quantum71700706,quoted_tweet,Sat Aug 01 02:16:26 +0000 2020,1289384466062823424,"","",1243723277308026880
amenomurakumo5,quoted_tweet,Sat Aug 01 02:17:41 +0000 2020,1289384780300087296,"",taketheoath winning,1156038610136600576
stumgolf1,quoted_tweet,Sat Aug 01 02:18:35 +0000 2020,1289385004133318656,"",biden2020 actbluecharities,2815297154
Becuzican1,quoted_tweet,Sat Aug 01 02:23:30 +0000 2020,1289386242371543040,"","",1228775083180560384
happynyan8888,quoted_tweet,Sat Aug 01 02:23:30 +0000 2020,1289386244242206720,"","",2596555064
Marcus88354821,quoted_tweet,Sat Aug 01 02:23:58 +0000 2020,1289386361422659584,"",biden2020 actbluecharities,1215680408387407872
tooranomaki6910,quoted_tweet,Sat Aug 01 02:24:10 +0000 2020,1289386408709218304,"","",1008176372622110720
marimacint,quoted_tweet,Sat Aug 01 02:27:49 +0000 2020,1289387330864730112,"","",93657255
Smilegreatday,quoted_tweet,Sat Aug 01 02:28:27 +0000 2020,1289387489350651904,"","",943826609051750400
Lady7x7,quoted_tweet,Sat Aug 01 02:31:48 +0000 2020,1289388331625660416,"","",178554947
chieko0550gmai1,quoted_tweet,Sat Aug 01 02:32:14 +0000 2020,1289388441319305216,"","",1008136500800729088
happynyan8888,quoted_tweet,Sat Aug 01 02:33:13 +0000 2020,1289388688946769920,"","",2596555064
amenomurakumo5,quoted_tweet,Sat Aug 01 02:34:32 +0000 2020,1289389017117548544,"","",1156038610136600576
tooranomaki6910,quoted_tweet,Sat Aug 01 02:38:18 +0000 2020,1289389966288498688,"","",1008176372622110720
tts1987,quoted_tweet,Sat Aug 01 02:38:42 +0000 2020,1289390067966861312,"","",912037436
bakayaro1112,quoted_tweet,Sat Aug 01 02:40:19 +0000 2020,1289390474369757184,"","",264074811
shopinfrederic,quoted_tweet,Sat Aug 01 02:44:09 +0000 2020,1289391439726514176,"",テクノロジー犯罪 集団ストーカー 被害を知ってほしい 末端まで逮捕,1165394560974909440
BhHxTJnjhIRSHpt,quoted_tweet,Sat Aug 01 02:44:55 +0000 2020,1289391633922834432,"",テクノロジー犯罪 集団ストーカー 被害を知ってほしい 末端まで逮捕,1271244188617601024
suprskipy1,quoted_tweet,Sat Aug 01 02:48:28 +0000 2020,1289392525296283648,"",biden2020 actbluecharities,2626963609
SarahHolm14,quoted_tweet,Sat Aug 01 02:49:31 +0000 2020,1289392788295966720,"",qanons savethechildren cabaltakedown makeamericagreatagain,1239516724682203136
surf4ever3255,quoted_tweet,Sat Aug 01 02:50:42 +0000 2020,1289393087861555200,"","",228541870
THEQUEEN_ALICE,quoted_tweet,Sat Aug 01 02:51:01 +0000 2020,1289393168790691840,"",qanons savethechildren,1286854612377632768
mrsrdc1,quoted_tweet,Sat Aug 01 02:51:34 +0000 2020,1289393303603970048,"",biden2020 actbluecharities,3133769516
patriot_moon,quoted_tweet,Sat Aug 01 01:00:13 +0000 2020,1289365281639342080,"","",85134720
Loveraa1,quoted_tweet,Sat Aug 01 01:00:35 +0000 2020,1289365374543126528,"","",144738595
Mandy98749759,quoted_tweet,Sat Aug 01 01:01:20 +0000 2020,1289365563211264000,"","",1024123450766516224
pdm_paula,quoted_tweet,Sat Aug 01 01:01:39 +0000 2020,1289365644811542528,"","",3519241694
Alapplebee1,quoted_tweet,Sat Aug 01 01:03:06 +0000 2020,1289366007224496128,"","",1244299789593788416
tooranomaki6910,quoted_tweet,Sat Aug 01 01:03:24 +0000 2020,1289366086551392256,"","",1008176372622110720
mike14131124,quoted_tweet,Sat Aug 01 01:07:13 +0000 2020,1289367046656991232,"","",1245600029563207680
RoodGridance,quoted_tweet,Sat Aug 01 01:08:41 +0000 2020,1289367412630941696,"","",50425887
FreeStateOJones,quoted_tweet,Sat Aug 01 01:10:15 +0000 2020,1289367807264612352,"","",892623257735753728
YhT72lYVgeyTEg1,quoted_tweet,Sat Aug 01 01:13:14 +0000 2020,1289368561266257920,"","",1098890310002794496
YhT72lYVgeyTEg1,quoted_tweet,Sat Aug 01 01:14:08 +0000 2020,1289368786886209536,"","",1098890310002794496
tokutanehanashi,quoted_tweet,Sat Aug 01 01:15:25 +0000 2020,1289369107112947712,"","",795914574901833728
debjk7,quoted_tweet,Sat Aug 01 01:17:55 +0000 2020,1289369735839113216,"","",2983569199
patriotawake45,quoted_tweet,Sat Aug 01 01:18:31 +0000 2020,1289369889707237376,"",wwg1wga,1244465001496182784
Dektos3,quoted_tweet,Sat Aug 01 01:19:32 +0000 2020,1289370146214207488,"",wwga1wga thestormishere thegreatawakening,1244046366206242816
RealGoodPrez,quoted_tweet,Sat Aug 01 01:26:26 +0000 2020,1289371882534211584,"",savethechicken,433564371
marimacint,quoted_tweet,Sat Aug 01 01:27:41 +0000 2020,1289372195068633088,"","",93657255
marimacint,quoted_tweet,Sat Aug 01 01:27:56 +0000 2020,1289372258046156800,"","",93657255
marimacint,quoted_tweet,Sat Aug 01 01:28:05 +0000 2020,1289372296600150016,"","",93657255
drginareghetti,quoted_tweet,Sat Aug 01 01:28:34 +0000 2020,1289372417341546496,"","",2155220057
tomladdus,quoted_tweet,Sat Aug 01 01:28:41 +0000 2020,1289372445669875712,"","",758880294250303488
He48300141,quoted_tweet,Sat Aug 01 01:33:14 +0000 2020,1289373591390150656,"","",534757149
CuisineCandy,quoted_tweet,Sat Aug 01 01:33:57 +0000 2020,1289373772047241216,"","",815604836414722048
CuisineCandy,quoted_tweet,Sat Aug 01 01:34:05 +0000 2020,1289373804485963776,"","",815604836414722048
CherylR81106615,quoted_tweet,Sat Aug 01 01:34:12 +0000 2020,1289373835800637440,"","",1180587827572039680
MaryS5767,quoted_tweet,Sat Aug 01 01:35:48 +0000 2020,1289374238294646784,"","",948371605343948800
VirtualFinGrp,quoted_tweet,Sat Aug 01 01:37:34 +0000 2020,1289374683712770048,"","",1350087181
1CryptoSherlock,quoted_tweet,Sat Aug 01 01:38:14 +0000 2020,1289374850503540736,"","",1221316125193129984
qDqa1ySTvtkkdek,quoted_tweet,Sat Aug 01 01:42:06 +0000 2020,1289375823238062080,"","",1258730702121529344
nanluvsmatt,quoted_tweet,Sat Aug 01 01:43:48 +0000 2020,1289376249941389312,"","",27285857
melbabun,quoted_tweet,Sat Aug 01 01:47:08 +0000 2020,1289377089565712384,"","",1005569925358989312
My_Mama_Tried,quoted_tweet,Sat Aug 01 01:49:33 +0000 2020,1289377699685781504,"",savethechildern,1242595671749857280
jeschreier,quoted_tweet,Sat Aug 01 01:54:31 +0000 2020,1289378946681901056,"","",2770182429
kelcrw4,quoted_tweet,Sat Aug 01 01:55:55 +0000 2020,1289379299598860288,"","",872213658243399680
cocoa77783,quoted_tweet,Sat Aug 01 01:57:58 +0000 2020,1289379815527604224,"","",1288395110590189568
GoldnemovesGold,quoted_tweet,Sat Aug 01 01:59:44 +0000 2020,1289380260178546688,"","",3122123479
